{"stats":{"minecraft:used":{"minecraft:oak_sign":1,"minecraft:chest":5,"minecraft:shield":15,"minecraft:iron_sword":242,"minecraft:stone":1,"irons_spellbooks:wandering_magician_chestplate":1,"minecraft:rotten_flesh":3,"minecraft:mutton":16,"minecraft:carrot":2,"minecraft:coal_ore":7,"minecraft:stone_bricks":1,"minecraft:golden_sword":28,"minecraft:red_carpet":1,"minecraft:written_book":1,"minecraft:furnace":3,"minecraft:skeleton_skull":1,"minecraft:potato":32,"minecraft:leather_leggings":1,"minecraft:diamond_boots":2,"minecraft:stone_pickaxe":68,"iceandfire:troll_weapon_trunk":105,"minecraft:oak_planks":72,"minecraft:wooden_pickaxe":9,"minecraft:sandstone":4,"biomesoplenty:lavender":6,"iceandfire:armor_silver_metal_boots":1,"iceandfire:podium_spruce":1,"alexscaves:cave_book":1,"minecraft:crossbow":5,"irons_spellbooks:wandering_magician_leggings":1,"comforts:sleeping_bag_cyan":2,"minecraft:bread":92,"minecraft:string":1,"minecraft:golden_helmet":1,"minecraft:diamond_sword":167,"irons_spellbooks:wandering_magician_helmet":1,"minecraft:oak_boat":4,"minecraft:experience_bottle":7,"minecraft:stone_sword":34,"minecraft:flint_and_steel":38,"minecraft:armor_stand":1,"minecraft:stone_shovel":30,"aether:aether_dirt":3,"minecraft:spruce_planks":21,"minecraft:torch":21,"minecraft:dirt":138,"minecraft:chainmail_chestplate":1,"iceandfire:armor_silver_metal_helmet":1,"minecraft:diamond_helmet":2,"minecraft:golden_shovel":21,"minecraft:wooden_axe":9,"minecraft:bookshelf":1,"minecraft:iron_axe":391,"minecraft:oak_stairs":1,"biomesoplenty:tall_lavender":1,"minecraft:iron_boots":2,"minecraft:diamond_chestplate":1,"minecraft:glowstone":2,"minecraft:beef":2,"iceandfire:dragonbone_pickaxe":6,"minecraft:golden_axe":11,"minecraft:cobbled_deepslate":6,"minecraft:iron_leggings":1,"minecraft:wheat_seeds":28,"minecraft:cooked_mutton":2,"minecraft:water_bucket":15,"aether:skyroot_sapling":1,"minecraft:tnt":1,"minecraft:crafting_table":1,"minecraft:white_bed":1,"minecraft:spruce_log":96,"minecraft:flower_pot":3,"minecraft:apple":10,"minecraft:iron_pickaxe":513,"minecraft:golden_leggings":8,"minecraft:stone_axe":286,"minecraft:cobblestone":113,"aether:golden_parachute":15,"minecraft:porkchop":3,"minecraft:bucket":14,"minecraft:wither_rose":1,"minecraft:candle":4},"minecraft:crafted":{"irons_spellbooks:wandering_magician_helmet":1,"minecraft:oak_planks":492,"minecraft:bookshelf":4,"minecraft:cooked_mutton":1,"iceandfire:armor_silver_metal_chestplate":1,"minecraft:chest":3,"minecraft:stone_bricks":16,"minecraft:golden_sword":1,"minecraft:golden_axe":1,"minecraft:emerald":17,"biomesoplenty:jacaranda_planks":16,"minecraft:crafting_table":1,"minecraft:spruce_planks":36,"minecraft:wooden_pickaxe":1,"minecraft:baked_potato":6,"minecraft:shield":1,"minecraft:stick":32,"minecraft:iron_ingot":27,"minecraft:iron_pickaxe":2,"minecraft:gold_ingot":23,"minecraft:furnace":1,"minecraft:iron_axe":2,"minecraft:stone_pickaxe":1,"minecraft:dark_oak_planks":84,"minecraft:diamond_sword":1,"iceandfire:silver_ingot":14,"minecraft:iron_sword":2,"minecraft:bowl":4,"minecraft:golden_shovel":1,"minecraft:stone_axe":2,"minecraft:bread":8,"minecraft:air":0,"minecraft:oak_boat":1,"iceandfire:armor_silver_metal_helmet":1,"minecraft:wooden_axe":1,"minecraft:iron_shovel":1,"minecraft:iron_leggings":1,"minecraft:torch":16,"minecraft:diamond_chestplate":1},"minecraft:broken":{"irons_spellbooks:wandering_magician_leggings":1,"minecraft:golden_leggings":1,"minecraft:stone_axe":1,"aether:golden_parachute":1,"irons_spellbooks:wandering_magician_helmet":1,"minecraft:iron_axe":1,"minecraft:iron_pickaxe":1},"minecraft:dropped":{"sophisticatedbackpacks:iron_backpack":1,"immersive_melodies:trumpet":2,"minecraft:diamond":12,"minecraft:spore_blossom":1,"minecraft:dark_oak_sapling":3,"irons_spellbooks:fireward_ring":2,"comforts:sleeping_bag_cyan":1,"minecraft:lantern":1,"minecraft:leather_helmet":1,"minecraft:music_disc_13":1,"irons_spellbooks:silver_ring":1,"minecraft:sand":2,"minecraft:dark_oak_planks":79,"irons_spellbooks:emerald_stoneplate_ring":1,"minecraft:cyan_carpet":1,"iceandfire:dragonbone_pickaxe":1,"minecraft:bone":24,"minecraft:armor_stand":7,"minecraft:stone_axe":3,"minecraft:mangrove_roots":1,"minecraft:iron_nugget":16,"minecraft:obsidian":1,"minecraft:rotten_flesh":7,"minecraft:oak_planks":302,"alexsmobs:blood_sac":1,"minecraft:leather_boots":1,"minecraft:chest":2,"minecraft:arrow":6,"biomesoplenty:tall_lavender":1,"minecraft:stone_hoe":1,"minecraft:iron_ingot":8,"minecraft:bread":85,"minecraft:oak_slab":15,"biomesoplenty:jacaranda_sapling":4,"minecraft:wheat_seeds":10,"minecraft:lilac":1,"minecraft:bookshelf":1,"biomesoplenty:lavender":4,"minecraft:iron_helmet":2,"biomesoplenty:jacaranda_planks":16,"minecraft:acacia_log":15,"minecraft:coal":5,"minecraft:stick":6,"irons_spellbooks:scroll":1,"minecraft:smooth_quartz":2,"minecraft:iron_leggings":2,"minecraft:iron_axe":1,"iceandfire:dragonscales_white":37,"minecraft:chainmail_leggings":4,"minecraft:paper":20,"minecraft:string":6,"minecraft:bucket":1,"minecraft:spruce_sapling":5,"minecraft:redstone":3,"iceandfire:dragonbone":26,"iceandfire:silver_nugget":2,"alexscaves:guano":1,"iceandfire:troll_weapon_trunk":2,"minecraft:tuff":1,"minecraft:raw_iron":7,"minecraft:stone_shovel":2,"minecraft:iron_boots":2,"sophisticatedbackpacks:backpack":1,"minecraft:spruce_fence":2,"aether:book_of_lore":1,"minecraft:cyan_wool":5,"minecraft:shield":2,"aether:iron_gloves":1,"minecraft:peony":10,"minecraft:spruce_planks":29,"minecraft:stone_bricks":6,"minecraft:barrel":3,"minecraft:spruce_log":64,"minecraft:bow":2,"minecraft:sandstone":3,"sophisticatedbackpacks:copper_backpack":4,"minecraft:white_stained_glass":5},"minecraft:picked_up":{"irons_spellbooks:scroll":1,"minecraft:iron_chestplate":3,"minecraft:wheat":64,"minecraft:flower_pot":3,"irons_spellbooks:wandering_magician_leggings":13,"minecraft:stone_slab":2,"minecraft:diamond_sword":3,"aether:iron_gloves":1,"minecraft:oak_stairs":5,"minecraft:wither_rose":2,"minecraft:enchanted_book":4,"minecraft:string":59,"iceandfire:dragonbone_pickaxe":1,"minecraft:soul_soil":1,"minecraft:raw_copper":40,"minecraft:iron_leggings":15,"minecraft:armor_stand":47,"biomesoplenty:tall_lavender":41,"minecraft:experience_bottle":14,"minecraft:oak_sign":2,"alexsmobs:emu_feather":2,"irons_spellbooks:arcane_essence":1,"alexsmobs:blood_sac":1,"minecraft:cobbled_deepslate":33,"minecraft:bucket":4,"minecraft:spruce_planks":434,"irons_spellbooks:wandering_magician_chestplate":5,"minecraft:written_book":3,"minecraft:smooth_quartz":6,"minecraft:iron_pickaxe":16,"minecraft:iron_boots":12,"minecraft:furnace":1,"minecraft:golden_helmet":7,"minecraft:stick":37,"minecraft:oak_fence":2,"minecraft:torch":82,"minecraft:acacia_log":22,"iceandfire:dragonscales_white":37,"minecraft:spruce_stairs":3,"minecraft:porkchop":14,"minecraft:brown_carpet":1,"iceandfire:armor_silver_metal_boots":2,"minecraft:stone_sword":6,"minecraft:rotten_flesh":162,"aether:chainmail_gloves":12,"minecraft:glowstone":7,"minecraft:bookshelf":10,"minecraft:mangrove_roots":1,"minecraft:obsidian":2,"minecraft:cobblestone":385,"biomesoplenty:lavender":652,"minecraft:leather_chestplate":2,"minecraft:feather":2,"minecraft:lilac":2,"minecraft:water_bucket":1,"minecraft:golden_leggings":12,"minecraft:potato":24,"minecraft:flint":1,"minecraft:tuff":3,"minecraft:lapis_lazuli":5,"irons_spellbooks:concentration_amulet":4,"minecraft:dirt":542,"minecraft:lantern":2,"minecraft:name_tag":2,"minecraft:leather_boots":2,"minecraft:bone":134,"minecraft:bow":9,"minecraft:wheat_seeds":280,"alexscaves:guano":1,"minecraft:raw_gold":116,"minecraft:mossy_stone_bricks":1,"minecraft:diamond_helmet":13,"aether:book_of_lore":1,"minecraft:glowstone_dust":44,"minecraft:moss_block":12,"minecraft:oak_planks":783,"minecraft:stone_hoe":1,"irons_spellbooks:fireward_ring":3,"minecraft:music_disc_13":3,"iceandfire:podium_spruce":1,"minecraft:sand":12,"sophisticatedbackpacks:iron_backpack":2,"minecraft:ink_sac":1,"comforts:sleeping_bag_cyan":8,"alexsmobs:animal_dictionary":1,"minecraft:dark_oak_log":21,"minecraft:barrel":5,"immersive_melodies:piano":13,"minecraft:diamond":23,"iceandfire:lectern":3,"iceandfire:dragon_ice":4,"minecraft:crossbow":3,"minecraft:bread":907,"minecraft:oak_sapling":5,"iceandfire:silver_nugget":270,"iceandfire:raw_silver":3,"aether:aechor_petal":7,"minecraft:charcoal":84,"minecraft:crafting_table":2,"minecraft:allium":1,"minecraft:chicken":2,"iceandfire:witherbone":3,"minecraft:leather_leggings":11,"minecraft:rabbit_stew":3,"minecraft:golden_pickaxe":1,"aether:aether_dirt":8,"minecraft:brown_mushroom":21,"minecraft:wooden_pickaxe":2,"biomesoplenty:jacaranda_sapling":8,"minecraft:shield":18,"minecraft:iron_axe":7,"minecraft:flint_and_steel":6,"minecraft:netherite_scrap":5,"minecraft:item_frame":3,"minecraft:white_stained_glass":6,"minecraft:iron_shovel":1,"minecraft:cyan_carpet":9,"iceandfire:graveyard_soil":5,"iceandfire:bestiary":1,"minecraft:candle":4,"minecraft:beef":3,"minecraft:oak_boat":6,"minecraft:cyan_wool":6,"immersive_melodies:trumpet":2,"minecraft:player_head":1,"minecraft:iron_nugget":68,"minecraft:poppy":3,"irons_spellbooks:emerald_stoneplate_ring":1,"minecraft:lectern":7,"minecraft:chest":4,"minecraft:sugar_cane":3,"minecraft:copper_ore":3,"minecraft:dark_oak_sapling":4,"minecraft:black_stained_glass":11,"minecraft:raw_iron":55,"minecraft:sandstone":14,"iceandfire:dragonbone":37,"minecraft:stone":101,"aether:golden_parachute":1,"minecraft:bowl":7,"sophisticatedbackpacks:backpack":2,"minecraft:spruce_fence":2,"minecraft:stone_button":2,"minecraft:carrot":114,"minecraft:redstone":3,"minecraft:stone_pressure_plate":1,"minecraft:tnt":3,"minecraft:arrow":173,"minecraft:stone_shovel":13,"biomesoplenty:jacaranda_log":4,"minecraft:beetroot_seeds":2,"minecraft:peony":82,"minecraft:diamond_boots":19,"irons_spellbooks:wandering_magician_helmet":9,"sophisticatedbackpacks:copper_backpack":27,"minecraft:mutton":49,"iceandfire:troll_weapon_trunk":21,"minecraft:skeleton_skull":2,"minecraft:white_wool":7,"aether:skyroot_sapling":4,"minecraft:glow_ink_sac":8,"minecraft:leather":12,"minecraft:red_mushroom":10,"irons_spellbooks:silver_ring":5,"minecraft:crimson_fungus":5,"minecraft:oak_log":128,"minecraft:chainmail_chestplate":15,"minecraft:gunpowder":6,"alexsmobs:mosquito_proboscis":5,"minecraft:paper":20,"minecraft:white_banner":1,"minecraft:cooked_mutton":3,"minecraft:red_carpet":1,"minecraft:apple":2,"minecraft:stone_bricks":124,"alexsmobs:cockroach_wing_fragment":1,"minecraft:spore_blossom":6,"minecraft:spruce_wood":3,"minecraft:iron_ingot":78,"minecraft:stone_pickaxe":4,"minecraft:iron_ore":1,"minecraft:iron_sword":16,"minecraft:dark_oak_stairs":3,"minecraft:book":224,"minecraft:oak_slab":15,"minecraft:scaffolding":1,"minecraft:gravel":5,"minecraft:spruce_sapling":28,"minecraft:white_bed":2,"minecraft:spruce_log":479,"minecraft:spruce_door":2,"minecraft:spider_eye":21,"minecraft:leather_helmet":7,"minecraft:pumpkin_seeds":6,"minecraft:stone_axe":13,"minecraft:chainmail_leggings":9,"minecraft:iron_helmet":2,"minecraft:baked_potato":30,"minecraft:coal":101},"minecraft:killed_by":{"minecraft:wither_skeleton":1,"iceandfire:cyclops":3,"minecraft:creeper":2,"iceandfire:ice_dragon":1,"alexsmobs:rhinoceros":1,"minecraft:zombie":4,"alexsmobs:grizzly_bear":2,"minecraft:player":4,"irons_spellbooks:necromancer":1,"minecraft:skeleton":2,"alexscaves:underzealot":1,"iceandfire:troll":1},"minecraft:killed":{"minecraft:cave_spider":3,"minecraft:spider":9,"minecraft:skeleton":28,"irons_spellbooks:archevoker":1,"irons_spellbooks:summoned_skeleton":4,"minecraft:pig":3,"irons_spellbooks:necromancer":1,"minecraft:creeper":2,"alexsmobs:crimson_mosquito":3,"aether:aechor_plant":1,"minecraft:sheep":7,"minecraft:zombie":105,"minecraft:cow":1,"irons_spellbooks:summoned_zombie":2,"minecraft:vindicator":1,"alexsmobs:tasmanian_devil":2,"alexsmobs:seagull":1,"endermanoverhaul:crimson_forest_enderman":1,"minecraft:horse":3,"minecraft:husk":1,"minecraft:squid":1,"alexsmobs:emu":1,"minecraft:wither_skeleton":4,"minecraft:villager":2},"minecraft:custom":{"minecraft:interact_with_crafting_table":59,"minecraft:open_barrel":18,"minecraft:eat_cake_slice":2,"minecraft:leave_game":8,"minecraft:time_since_death":21655,"minecraft:sprint_one_cm":867608,"minecraft:damage_blocked_by_shield":498,"minecraft:drop":261,"minecraft:talked_to_villager":43,"minecraft:play_time":638308,"minecraft:deaths":33,"minecraft:jump":8422,"minecraft:interact_with_brewingstand":1,"minecraft:walk_on_water_one_cm":99607,"minecraft:interact_with_furnace":23,"minecraft:traded_with_villager":17,"minecraft:interact_with_loom":6,"minecraft:sleep_in_bed":11,"minecraft:waystone_activated":3,"minecraft:damage_dealt":33580,"minecraft:player_kills":1,"minecraft:crouch_one_cm":6110,"minecraft:interact_with_smoker":6,"minecraft:mob_kills":190,"minecraft:inspect_hopper":6,"minecraft:interact_with_campfire":5,"minecraft:damage_dealt_resisted":996,"minecraft:climb_one_cm":11137,"minecraft:walk_one_cm":2204189,"minecraft:damage_dealt_absorbed":120,"minecraft:sneak_time":2852,"minecraft:walk_under_water_one_cm":44099,"minecraft:boat_one_cm":197527,"minecraft:interact_with_lectern":1,"minecraft:interact_with_blast_furnace":8,"minecraft:total_world_time":638308,"minecraft:pot_flower":1,"minecraft:interact_with_grindstone":1,"minecraft:time_since_rest":21732,"minecraft:damage_taken":21347,"minecraft:swim_one_cm":5701,"minecraft:fly_one_cm":1104026,"minecraft:open_chest":341,"minecraft:fall_one_cm":276318},"minecraft:mined":{"minecraft:white_bed":2,"minecraft:spruce_planks":2,"iceandfire:graveyard_soil":5,"minecraft:farmland":3,"minecraft:acacia_log":15,"minecraft:grass_block":41,"iceandfire:lectern":1,"minecraft:soul_soil":1,"minecraft:oak_wall_sign":2,"minecraft:oxeye_daisy":1,"minecraft:spawner":2,"biomesoplenty:tall_lavender":37,"minecraft:glowstone":5,"minecraft:iron_ore":28,"minecraft:fire":7,"minecraft:barrel":1,"biomesoplenty:lavender":481,"biomesoplenty:hanging_cobweb":2,"biomesoplenty:webbing":24,"minecraft:oak_stairs":4,"minecraft:spruce_wood":2,"minecraft:player_head":1,"minecraft:tripwire":1,"biomesoplenty:jacaranda_leaves":29,"minecraft:brown_mushroom":3,"biomesoplenty:hanging_cobweb_strand":3,"minecraft:torch":4,"minecraft:poppy":2,"minecraft:chest":4,"minecraft:glass":1,"minecraft:cobblestone":66,"minecraft:oak_planks":78,"minecraft:sugar_cane":1,"minecraft:skeleton_skull":1,"minecraft:seagrass":4,"minecraft:cyan_wool":6,"minecraft:nether_wart_block":1,"minecraft:wheat":47,"aether:aether_grass_block":6,"minecraft:wither_rose":1,"minecraft:grass":326,"minecraft:oak_log":133,"minecraft:beetroots":2,"minecraft:sand":1,"minecraft:dirt":66,"minecraft:oak_leaves":31,"minecraft:deepslate":15,"minecraft:tuff":1,"minecraft:red_carpet":1,"iceandfire:silver_ore":1,"minecraft:dark_oak_leaves":1,"minecraft:candle":1,"minecraft:dark_oak_log":21,"minecraft:mangrove_roots":3,"minecraft:glow_lichen":1,"biomesoplenty:bush":2,"minecraft:stone_button":1,"minecraft:moss_block":4,"biomesoplenty:jacaranda_sapling":1,"minecraft:spore_blossom":1,"biomesoplenty:jacaranda_log":4,"aether:aether_dirt":2,"minecraft:furnace":1,"minecraft:carrots":10,"minecraft:peony":1,"minecraft:bookshelf":21,"minecraft:potatoes":3,"minecraft:deepslate_iron_ore":8,"biomesoplenty:barley":33,"minecraft:stone":259,"biomesoplenty:spider_egg":3,"iceandfire:podium_spruce":1,"minecraft:cake":1,"minecraft:podzol":4,"minecraft:acacia_leaves":3,"minecraft:oak_fence":1,"minecraft:crafting_table":1,"minecraft:campfire":6,"minecraft:lectern":2,"minecraft:stone_slab":1,"minecraft:copper_ore":3,"minecraft:tall_grass":40,"minecraft:deepslate_gold_ore":17,"minecraft:spruce_stairs":3,"aether:skyroot_leaves":7,"minecraft:beehive":1,"minecraft:spruce_log":255,"minecraft:white_carpet":1,"minecraft:coal_ore":66,"minecraft:cyan_carpet":1,"minecraft:gravel":4,"minecraft:flower_pot":1,"biomesoplenty:stringy_cobweb":13,"minecraft:cobweb":4,"minecraft:stone_bricks":56,"minecraft:fern":3}},"DataVersion":3465}