{"stats":{"minecraft:killed_by":{"minecraft:wither_skeleton":1,"iceandfire:cyclops":3,"minecraft:creeper":1,"iceandfire:ice_dragon":1,"alexsmobs:rhinoceros":1,"minecraft:zombie":3,"minecraft:player":2,"irons_spellbooks:necromancer":1,"alexscaves:underzealot":1,"iceandfire:troll":1},"minecraft:picked_up":{"irons_spellbooks:scroll":1,"minecraft:iron_chestplate":3,"minecraft:wheat":8,"minecraft:flower_pot":3,"irons_spellbooks:wandering_magician_leggings":13,"aether:iron_gloves":1,"minecraft:oak_stairs":1,"minecraft:wither_rose":2,"minecraft:enchanted_book":4,"minecraft:string":31,"minecraft:soul_soil":1,"biomesoplenty:tall_lavender":39,"minecraft:iron_leggings":8,"minecraft:armor_stand":29,"minecraft:experience_bottle":10,"minecraft:oak_sign":2,"alexsmobs:blood_sac":1,"irons_spellbooks:arcane_essence":1,"alexsmobs:emu_feather":2,"minecraft:cobbled_deepslate":21,"minecraft:bucket":1,"minecraft:spruce_planks":129,"irons_spellbooks:wandering_magician_chestplate":5,"minecraft:written_book":3,"minecraft:smooth_quartz":6,"minecraft:iron_pickaxe":12,"minecraft:furnace":1,"minecraft:iron_boots":9,"minecraft:golden_helmet":5,"minecraft:stick":33,"minecraft:oak_fence":2,"minecraft:acacia_log":22,"minecraft:torch":60,"iceandfire:dragonscales_white":37,"minecraft:spruce_stairs":3,"minecraft:porkchop":14,"minecraft:brown_carpet":1,"iceandfire:armor_silver_metal_boots":2,"minecraft:stone_sword":2,"minecraft:rotten_flesh":74,"aether:chainmail_gloves":9,"minecraft:bookshelf":10,"minecraft:mangrove_roots":1,"minecraft:obsidian":2,"minecraft:cobblestone":127,"biomesoplenty:lavender":610,"minecraft:leather_chestplate":2,"minecraft:feather":2,"minecraft:lilac":2,"minecraft:golden_leggings":6,"minecraft:potato":24,"minecraft:tuff":1,"minecraft:dirt":453,"minecraft:lantern":2,"minecraft:name_tag":2,"minecraft:leather_boots":2,"minecraft:bone":109,"minecraft:bow":5,"minecraft:wheat_seeds":133,"alexscaves:guano":1,"minecraft:raw_gold":64,"minecraft:diamond_helmet":7,"minecraft:mossy_stone_bricks":1,"minecraft:moss_block":12,"minecraft:stone_hoe":1,"minecraft:oak_planks":783,"irons_spellbooks:fireward_ring":2,"minecraft:music_disc_13":3,"iceandfire:podium_spruce":1,"minecraft:sand":12,"sophisticatedbackpacks:iron_backpack":1,"minecraft:ink_sac":1,"comforts:sleeping_bag_cyan":8,"alexsmobs:animal_dictionary":1,"minecraft:dark_oak_log":21,"minecraft:barrel":5,"immersive_melodies:piano":11,"minecraft:diamond":19,"iceandfire:lectern":3,"iceandfire:dragon_ice":4,"minecraft:crossbow":3,"minecraft:bread":795,"minecraft:oak_sapling":5,"iceandfire:silver_nugget":270,"iceandfire:raw_silver":3,"minecraft:charcoal":76,"minecraft:crafting_table":2,"minecraft:allium":1,"minecraft:chicken":2,"minecraft:leather_leggings":6,"minecraft:rabbit_stew":3,"minecraft:golden_pickaxe":1,"minecraft:brown_mushroom":21,"minecraft:wooden_pickaxe":2,"biomesoplenty:jacaranda_sapling":8,"minecraft:shield":13,"minecraft:iron_axe":7,"minecraft:item_frame":3,"minecraft:iron_shovel":1,"minecraft:cyan_carpet":9,"iceandfire:graveyard_soil":5,"iceandfire:bestiary":1,"minecraft:candle":4,"minecraft:beef":1,"minecraft:oak_boat":6,"minecraft:cyan_wool":6,"minecraft:player_head":1,"immersive_melodies:trumpet":2,"minecraft:iron_nugget":68,"minecraft:poppy":3,"irons_spellbooks:emerald_stoneplate_ring":1,"minecraft:lectern":7,"minecraft:sugar_cane":3,"minecraft:dark_oak_sapling":4,"iceandfire:dragonbone":37,"minecraft:raw_iron":33,"minecraft:sandstone":14,"minecraft:bowl":7,"minecraft:spruce_fence":2,"sophisticatedbackpacks:backpack":2,"minecraft:carrot":114,"minecraft:redstone":3,"minecraft:stone_pressure_plate":1,"minecraft:tnt":3,"minecraft:arrow":139,"minecraft:stone_shovel":13,"biomesoplenty:jacaranda_log":4,"minecraft:beetroot_seeds":2,"minecraft:peony":10,"minecraft:diamond_boots":14,"sophisticatedbackpacks:copper_backpack":19,"irons_spellbooks:wandering_magician_helmet":9,"minecraft:mutton":47,"iceandfire:troll_weapon_trunk":15,"minecraft:white_wool":6,"minecraft:skeleton_skull":2,"minecraft:glow_ink_sac":8,"minecraft:leather":6,"minecraft:red_mushroom":10,"irons_spellbooks:silver_ring":5,"minecraft:crimson_fungus":2,"minecraft:oak_log":124,"minecraft:chainmail_chestplate":9,"minecraft:gunpowder":2,"alexsmobs:mosquito_proboscis":2,"minecraft:paper":20,"minecraft:white_banner":1,"minecraft:apple":2,"minecraft:stone_bricks":19,"minecraft:spore_blossom":6,"minecraft:spruce_wood":3,"minecraft:iron_ingot":71,"minecraft:stone_pickaxe":4,"minecraft:iron_sword":11,"minecraft:dark_oak_stairs":3,"minecraft:book":224,"minecraft:scaffolding":1,"minecraft:oak_slab":15,"minecraft:spruce_sapling":28,"minecraft:white_bed":2,"minecraft:spruce_log":434,"minecraft:spruce_door":2,"minecraft:spider_eye":5,"minecraft:leather_helmet":4,"minecraft:pumpkin_seeds":6,"minecraft:stone_axe":13,"minecraft:chainmail_leggings":9,"minecraft:iron_helmet":2,"minecraft:baked_potato":30,"minecraft:coal":25},"minecraft:broken":{"irons_spellbooks:wandering_magician_leggings":1,"minecraft:stone_axe":1,"irons_spellbooks:wandering_magician_helmet":1,"minecraft:iron_axe":1},"minecraft:killed":{"minecraft:spider":7,"minecraft:skeleton":25,"irons_spellbooks:archevoker":1,"irons_spellbooks:summoned_skeleton":2,"minecraft:pig":3,"irons_spellbooks:necromancer":1,"minecraft:creeper":1,"alexsmobs:crimson_mosquito":3,"minecraft:sheep":6,"minecraft:zombie":17,"minecraft:cow":1,"irons_spellbooks:summoned_zombie":1,"minecraft:vindicator":1,"alexsmobs:tasmanian_devil":2,"endermanoverhaul:crimson_forest_enderman":1,"minecraft:horse":3,"minecraft:husk":1,"minecraft:squid":1,"alexsmobs:emu":1,"minecraft:villager":2},"minecraft:mined":{"minecraft:white_bed":2,"minecraft:spruce_planks":2,"iceandfire:graveyard_soil":5,"minecraft:farmland":3,"minecraft:acacia_log":15,"minecraft:grass_block":39,"iceandfire:lectern":1,"minecraft:soul_soil":1,"minecraft:oak_wall_sign":2,"minecraft:oxeye_daisy":1,"minecraft:spawner":2,"biomesoplenty:tall_lavender":33,"minecraft:iron_ore":8,"minecraft:fire":7,"minecraft:barrel":1,"biomesoplenty:lavender":468,"minecraft:oak_stairs":1,"biomesoplenty:webbing":1,"minecraft:spruce_wood":2,"minecraft:player_head":1,"minecraft:tripwire":1,"biomesoplenty:jacaranda_leaves":29,"minecraft:brown_mushroom":3,"minecraft:torch":2,"minecraft:poppy":2,"minecraft:cobblestone":37,"minecraft:sugar_cane":1,"minecraft:oak_planks":78,"minecraft:skeleton_skull":1,"minecraft:seagrass":4,"minecraft:cyan_wool":6,"minecraft:nether_wart_block":1,"minecraft:wheat":13,"minecraft:wither_rose":1,"minecraft:grass":311,"minecraft:oak_log":130,"minecraft:beetroots":2,"minecraft:sand":1,"minecraft:dirt":38,"minecraft:oak_leaves":28,"minecraft:deepslate":7,"minecraft:tuff":1,"iceandfire:silver_ore":1,"minecraft:dark_oak_leaves":1,"minecraft:candle":1,"minecraft:dark_oak_log":21,"minecraft:mangrove_roots":3,"biomesoplenty:bush":2,"minecraft:moss_block":4,"biomesoplenty:jacaranda_sapling":1,"minecraft:spore_blossom":1,"biomesoplenty:jacaranda_log":4,"minecraft:furnace":1,"minecraft:carrots":10,"minecraft:peony":1,"minecraft:bookshelf":21,"minecraft:potatoes":3,"minecraft:deepslate_iron_ore":8,"biomesoplenty:barley":33,"biomesoplenty:spider_egg":1,"minecraft:stone":59,"iceandfire:podium_spruce":1,"minecraft:cake":1,"minecraft:podzol":4,"minecraft:acacia_leaves":3,"minecraft:oak_fence":1,"minecraft:crafting_table":1,"minecraft:lectern":2,"minecraft:campfire":6,"minecraft:tall_grass":38,"minecraft:deepslate_gold_ore":17,"minecraft:spruce_stairs":3,"minecraft:beehive":1,"minecraft:spruce_log":255,"minecraft:coal_ore":5,"minecraft:flower_pot":1,"minecraft:cyan_carpet":1,"biomesoplenty:stringy_cobweb":1,"minecraft:cobweb":1,"minecraft:stone_bricks":2,"minecraft:fern":3},"minecraft:crafted":{"irons_spellbooks:wandering_magician_helmet":1,"minecraft:oak_planks":480,"minecraft:bookshelf":4,"minecraft:cooked_mutton":1,"minecraft:chest":1,"minecraft:emerald":1,"biomesoplenty:jacaranda_planks":16,"minecraft:crafting_table":1,"minecraft:spruce_planks":32,"minecraft:wooden_pickaxe":1,"minecraft:baked_potato":6,"minecraft:stick":24,"minecraft:iron_ingot":10,"minecraft:iron_pickaxe":1,"minecraft:gold_ingot":6,"minecraft:furnace":1,"minecraft:iron_axe":1,"minecraft:stone_pickaxe":1,"minecraft:dark_oak_planks":84,"minecraft:iron_sword":1,"minecraft:bowl":4,"minecraft:stone_axe":2,"minecraft:oak_boat":1,"minecraft:wooden_axe":1,"minecraft:iron_shovel":1,"minecraft:iron_leggings":1},"minecraft:dropped":{"sophisticatedbackpacks:iron_backpack":1,"immersive_melodies:trumpet":2,"minecraft:diamond":11,"minecraft:spore_blossom":1,"minecraft:dark_oak_sapling":3,"irons_spellbooks:fireward_ring":2,"comforts:sleeping_bag_cyan":1,"minecraft:lantern":1,"minecraft:leather_helmet":1,"minecraft:music_disc_13":1,"irons_spellbooks:silver_ring":1,"minecraft:sand":2,"minecraft:dark_oak_planks":79,"irons_spellbooks:emerald_stoneplate_ring":1,"minecraft:cyan_carpet":1,"minecraft:bone":24,"minecraft:armor_stand":7,"minecraft:stone_axe":3,"minecraft:mangrove_roots":1,"minecraft:iron_nugget":16,"minecraft:obsidian":1,"minecraft:rotten_flesh":7,"minecraft:oak_planks":302,"alexsmobs:blood_sac":1,"minecraft:leather_boots":1,"minecraft:arrow":6,"biomesoplenty:tall_lavender":1,"minecraft:stone_hoe":1,"minecraft:iron_ingot":6,"minecraft:bread":85,"minecraft:oak_slab":15,"biomesoplenty:jacaranda_sapling":4,"minecraft:wheat_seeds":10,"minecraft:lilac":1,"minecraft:bookshelf":1,"biomesoplenty:lavender":4,"minecraft:iron_helmet":2,"biomesoplenty:jacaranda_planks":16,"minecraft:acacia_log":15,"minecraft:coal":5,"minecraft:stick":6,"irons_spellbooks:scroll":1,"minecraft:smooth_quartz":2,"minecraft:iron_leggings":2,"minecraft:iron_axe":1,"iceandfire:dragonscales_white":37,"minecraft:chainmail_leggings":4,"minecraft:paper":20,"minecraft:string":6,"minecraft:bucket":1,"minecraft:spruce_sapling":5,"iceandfire:dragonbone":26,"minecraft:redstone":3,"iceandfire:silver_nugget":2,"alexscaves:guano":1,"iceandfire:troll_weapon_trunk":1,"minecraft:tuff":1,"minecraft:raw_iron":7,"minecraft:stone_shovel":2,"minecraft:iron_boots":2,"sophisticatedbackpacks:backpack":1,"minecraft:spruce_fence":2,"minecraft:cyan_wool":5,"minecraft:shield":2,"aether:iron_gloves":1,"minecraft:peony":1,"minecraft:spruce_planks":29,"minecraft:stone_bricks":4,"minecraft:barrel":3,"minecraft:spruce_log":64,"minecraft:sandstone":3,"sophisticatedbackpacks:copper_backpack":3},"minecraft:used":{"minecraft:oak_sign":1,"minecraft:chest":1,"minecraft:shield":8,"minecraft:iron_sword":81,"irons_spellbooks:wandering_magician_chestplate":1,"minecraft:rotten_flesh":2,"minecraft:mutton":13,"minecraft:stone_bricks":1,"minecraft:furnace":3,"minecraft:skeleton_skull":1,"minecraft:potato":8,"minecraft:leather_leggings":1,"minecraft:diamond_boots":1,"minecraft:stone_pickaxe":68,"iceandfire:troll_weapon_trunk":87,"minecraft:oak_planks":72,"minecraft:wooden_pickaxe":9,"minecraft:sandstone":4,"biomesoplenty:lavender":3,"iceandfire:podium_spruce":1,"minecraft:crossbow":5,"irons_spellbooks:wandering_magician_leggings":1,"comforts:sleeping_bag_cyan":2,"minecraft:bread":67,"minecraft:string":1,"minecraft:golden_helmet":1,"irons_spellbooks:wandering_magician_helmet":1,"minecraft:oak_boat":4,"minecraft:experience_bottle":6,"minecraft:stone_sword":34,"minecraft:armor_stand":1,"minecraft:stone_shovel":30,"minecraft:spruce_planks":8,"minecraft:torch":6,"minecraft:dirt":120,"minecraft:diamond_helmet":2,"minecraft:wooden_axe":9,"minecraft:bookshelf":1,"minecraft:iron_axe":333,"biomesoplenty:tall_lavender":1,"minecraft:iron_boots":1,"minecraft:cobbled_deepslate":6,"minecraft:iron_leggings":1,"minecraft:wheat_seeds":28,"minecraft:cooked_mutton":1,"minecraft:tnt":1,"minecraft:crafting_table":1,"minecraft:white_bed":1,"minecraft:spruce_log":96,"minecraft:flower_pot":3,"minecraft:apple":1,"minecraft:iron_pickaxe":118,"minecraft:golden_leggings":2,"minecraft:stone_axe":286,"minecraft:cobblestone":11,"minecraft:porkchop":3,"minecraft:wither_rose":1,"minecraft:candle":4},"minecraft:custom":{"minecraft:interact_with_crafting_table":35,"minecraft:open_barrel":16,"minecraft:eat_cake_slice":2,"minecraft:leave_game":3,"minecraft:time_since_death":3352,"minecraft:sprint_one_cm":558942,"minecraft:damage_blocked_by_shield":278,"minecraft:drop":243,"minecraft:talked_to_villager":31,"minecraft:play_time":322939,"minecraft:deaths":18,"minecraft:jump":4824,"minecraft:interact_with_brewingstand":1,"minecraft:walk_on_water_one_cm":71081,"minecraft:interact_with_furnace":12,"minecraft:traded_with_villager":1,"minecraft:interact_with_loom":4,"minecraft:sleep_in_bed":6,"minecraft:waystone_activated":3,"minecraft:damage_dealt":14767,"minecraft:crouch_one_cm":4607,"minecraft:interact_with_smoker":2,"minecraft:mob_kills":82,"minecraft:interact_with_campfire":5,"minecraft:damage_dealt_resisted":996,"minecraft:climb_one_cm":7455,"minecraft:walk_one_cm":1371359,"minecraft:damage_dealt_absorbed":120,"minecraft:sneak_time":1155,"minecraft:walk_under_water_one_cm":26647,"minecraft:boat_one_cm":197527,"minecraft:interact_with_lectern":1,"minecraft:interact_with_blast_furnace":4,"minecraft:total_world_time":322939,"minecraft:pot_flower":1,"minecraft:time_since_rest":3468,"minecraft:damage_taken":8373,"minecraft:swim_one_cm":5701,"minecraft:fly_one_cm":680787,"minecraft:open_chest":164,"minecraft:fall_one_cm":120713}},"DataVersion":3465}