{"stats":{"minecraft:dropped":{"minecraft:stone_axe":1,"minecraft:acacia_log":15,"minecraft:paper":19,"iceandfire:dragonbone":15},"minecraft:picked_up":{"biomesoplenty:lavender":496,"minecraft:charcoal":4,"minecraft:wheat":3,"minecraft:feather":2,"minecraft:chicken":2,"minecraft:golden_pickaxe":1,"minecraft:wooden_pickaxe":2,"minecraft:oak_stairs":1,"minecraft:potato":5,"minecraft:oak_log":6,"minecraft:paper":19,"minecraft:white_banner":1,"minecraft:name_tag":2,"minecraft:item_frame":3,"biomesoplenty:tall_lavender":33,"minecraft:bone":20,"minecraft:oak_sign":2,"minecraft:bow":1,"iceandfire:bestiary":1,"minecraft:wheat_seeds":56,"alexsmobs:emu_feather":2,"minecraft:stone_pickaxe":2,"minecraft:iron_ingot":20,"minecraft:oak_planks":72,"minecraft:furnace":1,"minecraft:book":51,"minecraft:scaffolding":1,"minecraft:stick":4,"iceandfire:dragonbone":15,"iceandfire:podium_spruce":1,"minecraft:acacia_log":22,"minecraft:spruce_stairs":3,"minecraft:white_bed":2,"alexsmobs:animal_dictionary":1,"minecraft:spruce_door":1,"minecraft:stone_pressure_plate":1,"minecraft:brown_carpet":1,"minecraft:rotten_flesh":1,"minecraft:stone_axe":2,"iceandfire:lectern":1,"sophisticatedbackpacks:copper_backpack":3,"minecraft:bread":7,"minecraft:mutton":2,"minecraft:white_wool":1,"minecraft:cobblestone":8},"minecraft:crafted":{"minecraft:oak_planks":8,"minecraft:crafting_table":1,"minecraft:wooden_pickaxe":1,"minecraft:stone_axe":1,"minecraft:bookshelf":4,"minecraft:stick":8,"minecraft:stone_pickaxe":1,"minecraft:wooden_axe":1,"minecraft:chest":1},"minecraft:mined":{"minecraft:acacia_leaves":1,"minecraft:white_bed":2,"biomesoplenty:bush":1,"minecraft:acacia_log":15,"minecraft:poppy":1,"iceandfire:lectern":1,"minecraft:campfire":2,"minecraft:tall_grass":25,"minecraft:cobblestone":11,"minecraft:oak_planks":77,"minecraft:oak_wall_sign":2,"minecraft:oxeye_daisy":1,"minecraft:spruce_stairs":3,"biomesoplenty:tall_lavender":30,"minecraft:furnace":1,"minecraft:beehive":1,"minecraft:wheat":3,"biomesoplenty:lavender":409,"minecraft:grass":255,"minecraft:bookshelf":17,"minecraft:oak_log":6,"minecraft:oak_stairs":1,"iceandfire:podium_spruce":1,"minecraft:oak_leaves":1},"minecraft:killed":{"alexsmobs:emu":1,"minecraft:sheep":1,"minecraft:zombie":1},"minecraft:used":{"minecraft:stone_pickaxe":6,"minecraft:oak_sign":1,"minecraft:chest":1,"minecraft:wooden_pickaxe":9,"iceandfire:podium_spruce":1,"minecraft:crafting_table":1,"minecraft:white_bed":1,"minecraft:wooden_axe":9,"minecraft:stone_axe":121},"minecraft:killed_by":{"minecraft:player":1,"alexsmobs:rhinoceros":1,"minecraft:zombie":1},"minecraft:custom":{"minecraft:interact_with_furnace":1,"minecraft:mob_kills":3,"minecraft:interact_with_crafting_table":7,"minecraft:leave_game":1,"minecraft:time_since_death":17511,"minecraft:sleep_in_bed":1,"minecraft:climb_one_cm":702,"minecraft:time_since_rest":15243,"minecraft:waystone_activated":1,"minecraft:sprint_one_cm":56560,"minecraft:damage_taken":820,"minecraft:walk_one_cm":194381,"minecraft:drop":32,"minecraft:damage_dealt":627,"minecraft:swim_one_cm":819,"minecraft:talked_to_villager":6,"minecraft:fly_one_cm":82513,"minecraft:open_chest":13,"minecraft:crouch_one_cm":3386,"minecraft:play_time":34889,"minecraft:deaths":3,"minecraft:sneak_time":722,"minecraft:walk_under_water_one_cm":282,"minecraft:jump":391,"minecraft:walk_on_water_one_cm":520,"minecraft:total_world_time":34889,"minecraft:fall_one_cm":11159}},"DataVersion":3465}