{"stats":{"minecraft:dropped":{"minecraft:bread":2,"biomesoplenty:jacaranda_sapling":4,"minecraft:diamond":11,"minecraft:bookshelf":1,"minecraft:dark_oak_sapling":3,"biomesoplenty:jacaranda_planks":16,"minecraft:acacia_log":15,"minecraft:iron_axe":1,"minecraft:paper":20,"minecraft:dark_oak_planks":79,"iceandfire:dragonbone":15,"alexscaves:guano":1,"minecraft:stone_axe":1,"minecraft:oak_planks":260,"minecraft:spruce_planks":28,"biomesoplenty:tall_lavender":1},"minecraft:picked_up":{"minecraft:charcoal":60,"minecraft:wheat":5,"minecraft:rabbit_stew":3,"minecraft:flower_pot":3,"minecraft:chicken":2,"irons_spellbooks:wandering_magician_leggings":5,"minecraft:golden_pickaxe":1,"minecraft:wooden_pickaxe":2,"minecraft:oak_stairs":1,"biomesoplenty:jacaranda_sapling":8,"minecraft:shield":2,"minecraft:string":8,"minecraft:iron_axe":2,"minecraft:iron_leggings":1,"minecraft:armor_stand":1,"minecraft:item_frame":3,"biomesoplenty:tall_lavender":37,"minecraft:iron_shovel":1,"minecraft:experience_bottle":1,"minecraft:oak_sign":2,"iceandfire:bestiary":1,"irons_spellbooks:arcane_essence":1,"alexsmobs:emu_feather":2,"minecraft:cobbled_deepslate":14,"minecraft:bucket":1,"irons_spellbooks:wandering_magician_chestplate":3,"minecraft:poppy":3,"minecraft:iron_pickaxe":1,"minecraft:furnace":1,"minecraft:dark_oak_sapling":4,"minecraft:stick":9,"minecraft:raw_iron":19,"iceandfire:dragonbone":15,"minecraft:oak_fence":2,"minecraft:torch":10,"minecraft:bowl":3,"minecraft:acacia_log":22,"minecraft:spruce_stairs":3,"minecraft:porkchop":3,"minecraft:carrot":34,"minecraft:stone_pressure_plate":1,"minecraft:brown_carpet":1,"minecraft:stone_shovel":2,"minecraft:stone_sword":2,"minecraft:arrow":8,"minecraft:rotten_flesh":14,"biomesoplenty:jacaranda_log":4,"minecraft:beetroot_seeds":2,"minecraft:diamond_boots":4,"minecraft:bookshelf":10,"irons_spellbooks:wandering_magician_helmet":5,"sophisticatedbackpacks:copper_backpack":6,"minecraft:mutton":14,"iceandfire:troll_weapon_trunk":5,"minecraft:white_wool":6,"minecraft:cobblestone":81,"biomesoplenty:lavender":586,"minecraft:feather":2,"minecraft:leather":4,"minecraft:red_mushroom":10,"minecraft:potato":17,"minecraft:oak_log":105,"minecraft:gunpowder":2,"minecraft:dirt":130,"minecraft:paper":20,"minecraft:white_banner":1,"minecraft:name_tag":2,"minecraft:bone":31,"minecraft:bow":1,"alexscaves:guano":1,"minecraft:wheat_seeds":113,"minecraft:raw_gold":6,"minecraft:iron_ingot":70,"minecraft:stone_pickaxe":4,"minecraft:stone_hoe":1,"minecraft:iron_sword":1,"minecraft:oak_planks":251,"minecraft:oak_slab":15,"minecraft:book":220,"minecraft:scaffolding":1,"iceandfire:podium_spruce":1,"minecraft:ink_sac":1,"minecraft:white_bed":2,"minecraft:spruce_log":7,"minecraft:dark_oak_log":21,"minecraft:spruce_door":2,"minecraft:spider_eye":1,"alexsmobs:animal_dictionary":1,"minecraft:leather_helmet":1,"immersive_melodies:piano":4,"minecraft:diamond":11,"minecraft:stone_axe":7,"iceandfire:lectern":3,"minecraft:chainmail_leggings":1,"minecraft:iron_helmet":1,"minecraft:bread":165,"minecraft:oak_sapling":5,"iceandfire:raw_silver":3},"minecraft:crafted":{"irons_spellbooks:wandering_magician_helmet":1,"minecraft:oak_planks":404,"minecraft:furnace":1,"minecraft:bookshelf":4,"minecraft:cooked_mutton":1,"minecraft:iron_axe":1,"minecraft:stone_pickaxe":1,"minecraft:chest":1,"minecraft:dark_oak_planks":84,"minecraft:emerald":1,"biomesoplenty:jacaranda_planks":16,"minecraft:crafting_table":1,"minecraft:spruce_planks":28,"minecraft:wooden_pickaxe":1,"minecraft:baked_potato":6,"minecraft:iron_sword":1,"minecraft:bowl":4,"minecraft:stone_axe":2,"minecraft:oak_boat":1,"minecraft:stick":20,"minecraft:iron_ingot":9,"minecraft:iron_pickaxe":1,"minecraft:wooden_axe":1,"minecraft:iron_shovel":1,"minecraft:gold_ingot":6},"minecraft:mined":{"minecraft:white_bed":2,"minecraft:farmland":3,"iceandfire:silver_ore":1,"minecraft:dark_oak_leaves":1,"minecraft:dark_oak_log":21,"biomesoplenty:bush":1,"minecraft:acacia_log":15,"minecraft:grass_block":21,"iceandfire:lectern":1,"minecraft:oak_wall_sign":2,"minecraft:oxeye_daisy":1,"biomesoplenty:jacaranda_sapling":1,"biomesoplenty:jacaranda_log":4,"biomesoplenty:tall_lavender":31,"minecraft:carrots":10,"minecraft:furnace":1,"minecraft:iron_ore":1,"minecraft:fire":2,"biomesoplenty:lavender":425,"minecraft:bookshelf":21,"minecraft:potatoes":3,"minecraft:deepslate_iron_ore":8,"minecraft:oak_stairs":1,"biomesoplenty:webbing":1,"biomesoplenty:barley":3,"iceandfire:podium_spruce":1,"minecraft:stone":10,"biomesoplenty:spider_egg":1,"minecraft:cake":1,"minecraft:tripwire":1,"minecraft:podzol":4,"biomesoplenty:jacaranda_leaves":29,"minecraft:acacia_leaves":1,"minecraft:oak_fence":1,"minecraft:torch":2,"minecraft:poppy":2,"minecraft:campfire":4,"minecraft:cobblestone":34,"minecraft:tall_grass":32,"minecraft:oak_planks":77,"minecraft:seagrass":4,"minecraft:spruce_stairs":3,"minecraft:beehive":1,"minecraft:wheat":13,"minecraft:spruce_log":7,"minecraft:grass":265,"minecraft:oak_log":111,"minecraft:beetroots":2,"minecraft:flower_pot":1,"minecraft:dirt":24,"biomesoplenty:stringy_cobweb":1,"minecraft:oak_leaves":24,"minecraft:deepslate":2},"minecraft:broken":{"minecraft:stone_axe":1},"minecraft:killed":{"minecraft:spider":2,"minecraft:skeleton":5,"minecraft:horse":2,"irons_spellbooks:summoned_skeleton":2,"minecraft:pig":1,"irons_spellbooks:necromancer":1,"minecraft:creeper":1,"minecraft:squid":1,"alexsmobs:emu":1,"minecraft:sheep":4,"minecraft:zombie":6,"minecraft:villager":1},"minecraft:used":{"minecraft:stone_sword":34,"minecraft:oak_sign":1,"minecraft:chest":1,"minecraft:iron_sword":2,"irons_spellbooks:wandering_magician_chestplate":1,"minecraft:rotten_flesh":2,"minecraft:dirt":30,"minecraft:mutton":10,"minecraft:wooden_axe":9,"minecraft:iron_axe":48,"minecraft:furnace":3,"minecraft:cooked_mutton":1,"minecraft:wheat_seeds":28,"minecraft:stone_pickaxe":68,"iceandfire:troll_weapon_trunk":14,"minecraft:wooden_pickaxe":9,"biomesoplenty:lavender":1,"iceandfire:podium_spruce":1,"minecraft:crafting_table":1,"minecraft:white_bed":1,"minecraft:flower_pot":3,"minecraft:bread":15,"minecraft:string":1,"minecraft:stone_axe":279,"minecraft:cobblestone":3,"minecraft:porkchop":3,"irons_spellbooks:wandering_magician_helmet":1,"minecraft:experience_bottle":1},"minecraft:killed_by":{"minecraft:player":1,"irons_spellbooks:necromancer":1,"alexsmobs:rhinoceros":1,"minecraft:zombie":1,"alexscaves:underzealot":1,"iceandfire:troll":1},"minecraft:custom":{"minecraft:mob_kills":27,"minecraft:interact_with_crafting_table":25,"minecraft:open_barrel":2,"minecraft:leave_game":2,"minecraft:time_since_death":11294,"minecraft:climb_one_cm":2207,"minecraft:sprint_one_cm":217322,"minecraft:walk_one_cm":690572,"minecraft:drop":52,"minecraft:talked_to_villager":29,"minecraft:play_time":138280,"minecraft:deaths":6,"minecraft:sneak_time":990,"minecraft:walk_under_water_one_cm":2746,"minecraft:jump":1574,"minecraft:interact_with_brewingstand":1,"minecraft:interact_with_blast_furnace":2,"minecraft:walk_on_water_one_cm":15825,"minecraft:total_world_time":138280,"minecraft:interact_with_furnace":10,"minecraft:traded_with_villager":1,"minecraft:sleep_in_bed":3,"minecraft:time_since_rest":11320,"minecraft:waystone_activated":1,"minecraft:damage_taken":2560,"minecraft:damage_dealt":5124,"minecraft:swim_one_cm":2294,"minecraft:fly_one_cm":233733,"minecraft:open_chest":109,"minecraft:crouch_one_cm":4072,"minecraft:interact_with_smoker":1,"minecraft:fall_one_cm":36326}},"DataVersion":3465}