{"stats":{"minecraft:custom":{"minecraft:time_since_rest":11313,"minecraft:blood":0,"minecraft:waystone_activated":1,"minecraft:magic_shield":0,"lootr:looted_stat":11,"minecraft:sprint_one_cm":54323,"minecraft:damage_absorbed":358,"minecraft:damage_taken":805,"minecraft:walk_one_cm":41907,"minecraft:mob_kills":11,"minecraft:drop":4,"minecraft:dexterity":1,"minecraft:intelligence":0,"minecraft:damage_dealt":1607,"minecraft:health":138,"minecraft:move_speed":0,"minecraft:swim_one_cm":5590,"minecraft:talked_to_villager":4,"minecraft:fly_one_cm":88278,"minecraft:play_time":33407,"minecraft:crouch_one_cm":345,"minecraft:sneak_time":147,"minecraft:walk_under_water_one_cm":179,"minecraft:jump":591,"minecraft:damage_dealt_resisted":0,"minecraft:energy":70,"minecraft:leave_game":1,"minecraft:walk_on_water_one_cm":349,"minecraft:time_since_death":33407,"minecraft:strength":1,"minecraft:sleep_in_bed":2,"minecraft:total_world_time":33407,"minecraft:climb_one_cm":6154,"minecraft:levels_gained":3,"minecraft:fall_one_cm":16698,"minecraft:mana":73},"minecraft:used":{"minecraft:iron_shovel":9,"minecraft:bread":3,"minecraft:iron_axe":27,"minecraft:ladder":1,"minecraft:spruce_planks":27,"cte_essentials:leather_0_helmet":1,"minecraft:dirt":1,"chococraft:gysahl_green":3,"minecraft:spruce_fence":1},"minecraft:dropped":{"minecraft:wheat_seeds":8,"minecraft:bone":4},"minecraft:crafted":{"minecraft:spruce_planks":54,"minecraft:iron_ingot":1,"minecraft:air":9},"minecraft:picked_up":{"chococraft:loverly_gysahl_green":3,"illagerinvasion:platinum_chunk":1,"minecraft:ladder":1,"minecraft:sweet_berries":3,"minecraft:leather":1,"cte_essentials:leather_0_helmet":1,"minecraft:spruce_fence":1,"mmorpg:stat_soul":2,"chococraft:gysahl_green_seeds":2,"minecraft:dirt":1,"minecraft:wooden_sword":1,"lightmanscurrency:coin_copper":3,"chococraft:chocobo_feather":1,"minecraft:arrow":1,"minecraft:bone":4,"chococraft:gysahl_green":70,"chococraft:gold_gysahl":5,"minecraft:wheat_seeds":8,"minecraft:crossbow":1,"minecraft:beef":8,"alexsmobs:banana_slug_slime":2,"minecraft:oak_sapling":1},"minecraft:killed":{"minecraft:skeleton":1,"minecraft:pillager":1,"minecraft:zombie":1,"alexsmobs:banana_slug":1,"minecraft:pig":1,"minecraft:chicken":2,"alexsmobs:raccoon":1,"minecraft:cow":3},"minecraft:mined":{"minecraft:large_fern":1,"minecraft:sweet_berry_bush":1,"minecraft:ladder":1,"minecraft:grass":6,"chococraft:gysahl_green":2,"minecraft:grass_block":1,"minecraft:spruce_fence":1,"minecraft:white_stained_glass":2,"minecraft:tall_grass":2,"minecraft:oak_leaves":3}},"DataVersion":3465}