{"stats":{"minecraft:mined":{"minecraft:large_fern":1,"chococraft:gysahl_green":1,"minecraft:grass_block":1,"minecraft:sweet_berry_bush":1},"minecraft:picked_up":{"lightmanscurrency:coin_copper":3,"minecraft:sweet_berries":3,"chococraft:gysahl_green":5,"cte_essentials:leather_0_helmet":1,"chococraft:gysahl_green_seeds":1,"minecraft:dirt":1},"minecraft:killed":{"minecraft:zombie":1},"minecraft:custom":{"minecraft:time_since_rest":7120,"minecraft:blood":0,"minecraft:sprint_one_cm":2936,"minecraft:magic_shield":0,"minecraft:play_time":8734,"minecraft:walk_one_cm":6948,"minecraft:damage_taken":59,"minecraft:damage_absorbed":16,"minecraft:mob_kills":1,"minecraft:damage_dealt_resisted":0,"minecraft:dexterity":0,"minecraft:jump":15,"minecraft:intelligence":0,"minecraft:energy":50,"minecraft:damage_dealt":198,"minecraft:health":101,"minecraft:time_since_death":8734,"minecraft:move_speed":0,"minecraft:strength":0,"minecraft:sleep_in_bed":1,"minecraft:total_world_time":8734,"minecraft:mana":52,"minecraft:fly_one_cm":815},"minecraft:used":{"cte_essentials:leather_0_helmet":1,"minecraft:dirt":1}},"DataVersion":3465}