{"stats":{"minecraft:killed_by":{"irons_spellbooks:priest":1,"iceandfire:cyclops":1,"minecraft:vindicator":1,"minecraft:iron_golem":2},"minecraft:picked_up":{"irons_spellbooks:scroll":4,"minecraft:iron_chestplate":6,"minecraft:wheat":120,"minecraft:flower_pot":8,"irons_spellbooks:wandering_magician_leggings":3,"minecraft:lead":2,"aether:iron_gloves":2,"minecraft:oak_stairs":2,"minecraft:wither_rose":3,"minecraft:enchanted_book":1,"minecraft:string":38,"iceandfire:dragonbone_pickaxe":3,"minecraft:raw_copper":5,"minecraft:iron_leggings":5,"minecraft:armor_stand":11,"biomesoplenty:tall_lavender":10,"minecraft:experience_bottle":1,"minecraft:oak_sign":2,"minecraft:sea_pickle":1,"irons_spellbooks:arcane_essence":29,"alexsmobs:emu_feather":2,"minecraft:gold_nugget":54,"minecraft:cobbled_deepslate":10,"minecraft:bucket":4,"minecraft:spruce_planks":945,"minecraft:iron_pickaxe":9,"minecraft:coal_block":6,"irons_spellbooks:inscription_table":1,"minecraft:iron_boots":9,"minecraft:furnace":6,"minecraft:golden_helmet":9,"iceandfire:pixie_dust":1,"minecraft:stick":67,"minecraft:oak_fence":1,"minecraft:torch":16,"minecraft:acacia_log":15,"iceandfire:dragonscales_white":74,"minecraft:spruce_stairs":7,"minecraft:porkchop":6,"iceandfire:rotten_egg":1,"minecraft:rotten_flesh":51,"aether:chainmail_gloves":2,"minecraft:iron_block":2,"alexsmobs:emu_egg":3,"minecraft:bookshelf":6,"minecraft:obsidian":9,"minecraft:cobblestone":145,"biomesoplenty:lavender":235,"minecraft:leather_chestplate":3,"minecraft:feather":2,"minecraft:lilac":1,"minecraft:cooked_beef":1,"minecraft:golden_leggings":7,"minecraft:smoker":1,"minecraft:potato":6,"alexsmobs:bear_fur":1,"minecraft:flint":4,"minecraft:wither_skeleton_skull":1,"minecraft:lapis_lazuli":72,"minecraft:dirt":408,"minecraft:lantern":10,"minecraft:name_tag":1,"minecraft:leather_boots":2,"minecraft:bone":90,"minecraft:wheat_seeds":756,"alexscaves:guano":2,"minecraft:raw_gold":12,"minecraft:mossy_stone_bricks":4,"minecraft:glowstone_dust":1,"minecraft:moss_block":8,"minecraft:oak_planks":427,"minecraft:stone_hoe":3,"irons_spellbooks:fireward_ring":10,"minecraft:music_disc_13":5,"iceandfire:podium_spruce":1,"minecraft:sand":18,"sophisticatedbackpacks:iron_backpack":11,"comforts:sleeping_bag_cyan":8,"minecraft:lily_of_the_valley":4,"minecraft:dark_oak_log":68,"minecraft:barrel":4,"alexsmobs:animal_dictionary":2,"minecraft:dark_prismarine":5,"immersive_melodies:piano":1,"minecraft:diamond":55,"iceandfire:dragon_ice":3,"minecraft:crossbow":1,"minecraft:golden_apple":1,"minecraft:emerald":25,"minecraft:bread":739,"minecraft:oak_sapling":3,"irons_spellbooks:uncommon_ink":2,"minecraft:netherrack":2,"iceandfire:silver_nugget":184,"iceandfire:dragon_skull_lightning":1,"minecraft:charcoal":25,"minecraft:crafting_table":6,"minecraft:allium":2,"iceandfire:witherbone":3,"minecraft:rabbit_stew":5,"minecraft:leather_leggings":4,"minecraft:brown_mushroom":1,"biomesoplenty:jacaranda_sapling":13,"minecraft:chain":3,"minecraft:shield":11,"minecraft:oak_trapdoor":5,"biomesoplenty:jacaranda_fence":60,"minecraft:moss_carpet":2,"minecraft:iron_axe":3,"minecraft:flint_and_steel":1,"minecraft:item_frame":6,"minecraft:white_carpet":6,"minecraft:iron_shovel":1,"minecraft:cyan_carpet":7,"iceandfire:graveyard_soil":3,"iceandfire:bestiary":2,"minecraft:beef":22,"minecraft:oak_boat":3,"minecraft:cyan_wool":10,"immersive_melodies:trumpet":8,"minecraft:player_head":2,"minecraft:iron_nugget":18,"minecraft:poppy":7,"irons_spellbooks:emerald_stoneplate_ring":7,"minecraft:sugar_cane":70,"minecraft:chest":1,"iceandfire:ice_dragon_heart":1,"minecraft:dark_oak_sapling":4,"minecraft:raw_iron":77,"minecraft:sandstone":7,"iceandfire:dragonbone":66,"iceandfire:troll_tusk":1,"sophisticatedbackpacks:backpack":2,"minecraft:spruce_fence":5,"minecraft:cake":1,"minecraft:cookie":1,"minecraft:carrot":79,"minecraft:redstone":2,"minecraft:dark_oak_planks":90,"iceandfire:dragon_skull_ice":3,"irons_spellbooks:evocation_rune":1,"minecraft:arrow":144,"iceandfire:cyclops_eye":3,"minecraft:stone_shovel":13,"biomesoplenty:jacaranda_log":41,"minecraft:beetroot_seeds":2,"biomesoplenty:jacaranda_stairs":47,"minecraft:peony":2,"minecraft:diamond_boots":10,"minecraft:hay_block":111,"alexscaves:spelunkery_table":3,"irons_spellbooks:wandering_magician_helmet":4,"minecraft:gold_ingot":11,"sophisticatedbackpacks:copper_backpack":8,"minecraft:mutton":9,"iceandfire:troll_weapon_trunk":11,"minecraft:skeleton_skull":3,"minecraft:white_wool":12,"minecraft:oxeye_daisy":1,"minecraft:glow_ink_sac":2,"minecraft:leather":19,"minecraft:red_mushroom":7,"irons_spellbooks:silver_ring":1,"minecraft:oak_log":66,"minecraft:chainmail_chestplate":1,"iceandfire:ectoplasm":1,"biomesoplenty:jacaranda_planks":166,"minecraft:gunpowder":8,"minecraft:paper":20,"minecraft:spawner":1,"minecraft:stone_bricks":3,"iceandfire:dragon_stick":1,"minecraft:spruce_wood":1,"minecraft:iron_ingot":139,"minecraft:stone_pickaxe":2,"minecraft:cooked_chicken":1,"minecraft:cobweb":2,"minecraft:iron_sword":6,"minecraft:dark_oak_stairs":2,"minecraft:book":95,"minecraft:oak_slab":51,"iceandfire:copper_nugget":126,"iceandfire:dragon_horn":1,"minecraft:stone_brick_slab":1,"minecraft:gravel":1,"minecraft:spruce_sapling":53,"minecraft:red_banner":2,"minecraft:blast_furnace":1,"minecraft:white_bed":2,"minecraft:spruce_log":441,"minecraft:mossy_stone_brick_slab":1,"minecraft:spider_eye":5,"minecraft:leather_helmet":6,"iceandfire:dragon_flute":1,"minecraft:firework_rocket":1,"minecraft:stone_axe":8,"minecraft:chainmail_leggings":8,"minecraft:iron_helmet":6,"iceandfire:ice_dragon_flesh":8,"minecraft:baked_potato":10,"minecraft:coal":121,"minecraft:ender_pearl":2},"minecraft:broken":{"minecraft:iron_chestplate":1,"minecraft:stone_pickaxe":1,"minecraft:stone_axe":1,"minecraft:iron_sword":1,"minecraft:stone_shovel":1,"minecraft:iron_axe":1,"minecraft:iron_helmet":2,"minecraft:golden_pickaxe":1},"minecraft:killed":{"minecraft:cave_spider":2,"minecraft:witch":3,"minecraft:spider":19,"minecraft:skeleton":38,"irons_spellbooks:summoned_skeleton":3,"minecraft:cat":1,"minecraft:pig":1,"alexsmobs:grizzly_bear":2,"minecraft:zombie_villager":1,"minecraft:iron_golem":4,"irons_spellbooks:necromancer":3,"minecraft:creeper":3,"minecraft:sheep":2,"minecraft:pillager":2,"minecraft:zombie":44,"minecraft:cow":7,"irons_spellbooks:summoned_zombie":8,"alexsmobs:raccoon":3,"alexscaves:vesper":1,"alexsmobs:bison":1,"minecraft:husk":3,"iceandfire:cyclops":1,"iceandfire:troll":3,"alexsmobs:rhinoceros":1,"alexsmobs:cockroach":1,"iceandfire:ghost":7,"iceandfire:ice_dragon":1,"alexsmobs:crow":1,"minecraft:wither_skeleton":5,"minecraft:enderman":1},"minecraft:mined":{"minecraft:white_bed":2,"minecraft:spruce_planks":7,"minecraft:mossy_stone_brick_slab":1,"iceandfire:copper_pile":6,"minecraft:obsidian":5,"minecraft:grass_block":235,"biomesoplenty:jacaranda_stairs":31,"minecraft:coal_block":3,"minecraft:oxeye_daisy":1,"minecraft:spawner":14,"biomesoplenty:tall_lavender":10,"minecraft:iron_ore":50,"minecraft:barrel":2,"minecraft:fire":20,"biomesoplenty:lavender":245,"minecraft:dark_oak_stairs":1,"iceandfire:gold_pile":9,"minecraft:dirt_path":4,"minecraft:oak_stairs":1,"minecraft:iron_block":1,"biomesoplenty:jacaranda_leaves":2,"biomesoplenty:jacaranda_planks":151,"minecraft:smoker":1,"minecraft:blast_furnace":1,"minecraft:chest":1,"minecraft:white_stained_glass_pane":1,"minecraft:cobblestone":10,"minecraft:oak_planks":6,"minecraft:sugar_cane":8,"minecraft:wall_torch":1,"minecraft:seagrass":2,"minecraft:cyan_wool":6,"minecraft:chain":2,"minecraft:wheat":137,"minecraft:wither_rose":1,"minecraft:grass":313,"biomesoplenty:clover":6,"minecraft:oak_log":63,"minecraft:beetroots":1,"minecraft:smooth_quartz":2,"minecraft:dirt":33,"minecraft:netherrack":2,"minecraft:oak_leaves":1,"minecraft:deepslate":10,"minecraft:dark_prismarine":5,"minecraft:diamond_ore":1,"alexscaves:spelunkery_table":2,"minecraft:mossy_cobblestone":1,"minecraft:deepslate_diamond_ore":19,"minecraft:dark_oak_log":34,"biomesoplenty:jacaranda_fence":12,"biomesoplenty:bush":4,"minecraft:spruce_fence":3,"minecraft:spruce_leaves":2,"iceandfire:dragon_ice":1,"biomesoplenty:jacaranda_sapling":1,"minecraft:hay_block":111,"biomesoplenty:jacaranda_log":41,"minecraft:oak_trapdoor":8,"minecraft:furnace":4,"minecraft:carrots":10,"minecraft:peony":2,"minecraft:bookshelf":26,"minecraft:potatoes":2,"biomesoplenty:barley":16,"irons_spellbooks:inscription_table":1,"minecraft:stone":82,"iceandfire:podium_spruce":1,"minecraft:oak_slab":3,"minecraft:potted_lily_of_the_valley":4,"minecraft:stone_brick_slab":2,"minecraft:oak_fence":3,"minecraft:crafting_table":4,"minecraft:campfire":12,"minecraft:copper_ore":1,"minecraft:tall_grass":29,"minecraft:lapis_ore":5,"minecraft:deepslate_gold_ore":6,"minecraft:spruce_stairs":6,"minecraft:spruce_log":135,"minecraft:white_carpet":6,"minecraft:red_wall_banner":2,"minecraft:coal_ore":37,"iceandfire:silver_pile":11,"minecraft:cyan_carpet":5,"minecraft:cobweb":14,"minecraft:stone_bricks":6,"minecraft:mossy_stone_bricks":2},"minecraft:crafted":{"irons_spellbooks:wandering_magician_helmet":2,"minecraft:oak_planks":236,"minecraft:bookshelf":30,"minecraft:iron_boots":1,"minecraft:chest":64,"minecraft:stone_hoe":2,"biomesoplenty:jacaranda_stairs":12,"minecraft:oak_slab":18,"biomesoplenty:jacaranda_planks":164,"minecraft:crafting_table":6,"minecraft:spruce_planks":860,"minecraft:iron_helmet":3,"minecraft:golden_pickaxe":1,"biomesoplenty:jacaranda_fence":12,"minecraft:iron_chestplate":3,"minecraft:shield":2,"minecraft:stick":48,"minecraft:iron_ingot":59,"minecraft:iron_pickaxe":2,"minecraft:gold_ingot":7,"iceandfire:dragon_horn":1,"minecraft:rabbit_stew":6,"minecraft:stone_shovel":5,"irons_spellbooks:wandering_magician_leggings":2,"iceandfire:dragon_stick":1,"minecraft:furnace":2,"iceandfire:dragon_flute":1,"minecraft:iron_axe":2,"comforts:sleeping_bag_cyan":2,"minecraft:stone_pickaxe":1,"minecraft:spruce_boat":2,"minecraft:wheat":999,"minecraft:stone_axe":3,"iceandfire:dragonbone_pickaxe":1,"minecraft:bread":343,"minecraft:air":0,"minecraft:oak_boat":3,"irons_spellbooks:wandering_magician_chestplate":2,"minecraft:iron_leggings":3,"minecraft:acacia_planks":60},"minecraft:dropped":{"sophisticatedbackpacks:iron_backpack":2,"minecraft:iron_sword":4,"minecraft:moss_block":4,"minecraft:brown_mushroom":1,"minecraft:porkchop":3,"minecraft:baked_potato":6,"minecraft:glow_ink_sac":2,"irons_spellbooks:fireward_ring":1,"comforts:sleeping_bag_cyan":3,"minecraft:lantern":3,"minecraft:leather":1,"iceandfire:ectoplasm":1,"minecraft:leather_helmet":2,"minecraft:red_mushroom":7,"iceandfire:graveyard_soil":3,"minecraft:flint":4,"minecraft:music_disc_13":1,"minecraft:dirt":28,"irons_spellbooks:silver_ring":1,"minecraft:mutton":3,"immersive_melodies:piano":1,"minecraft:chain":1,"minecraft:gold_nugget":4,"minecraft:sand":9,"minecraft:iron_pickaxe":2,"minecraft:dark_oak_planks":15,"minecraft:white_wool":5,"iceandfire:dragonbone_pickaxe":1,"minecraft:cyan_carpet":5,"minecraft:armor_stand":4,"minecraft:bone":52,"minecraft:gravel":1,"minecraft:stone_axe":1,"minecraft:iron_nugget":18,"minecraft:wheat":2,"minecraft:obsidian":1,"minecraft:rotten_flesh":17,"minecraft:oak_planks":40,"minecraft:glowstone_dust":1,"minecraft:carrot":17,"minecraft:chainmail_chestplate":1,"minecraft:poppy":4,"irons_spellbooks:wandering_magician_helmet":3,"minecraft:skeleton_skull":2,"minecraft:charcoal":1,"minecraft:beetroot_seeds":2,"minecraft:leather_boots":2,"minecraft:leather_leggings":1,"minecraft:arrow":80,"minecraft:beef":5,"biomesoplenty:jacaranda_stairs":8,"biomesoplenty:tall_lavender":1,"iceandfire:manuscript":1,"minecraft:spawner":1,"minecraft:enchanted_book":1,"minecraft:stone_hoe":1,"minecraft:iron_ingot":60,"minecraft:bread":424,"biomesoplenty:jacaranda_sapling":4,"minecraft:wheat_seeds":267,"minecraft:golden_helmet":4,"minecraft:cobblestone":1,"minecraft:book":1,"minecraft:iron_helmet":1,"biomesoplenty:lavender":54,"minecraft:feather":1,"minecraft:lead":2,"alexscaves:spelunkery_table":1,"minecraft:spruce_stairs":1,"minecraft:stick":32,"iceandfire:copper_nugget":42,"minecraft:torch":7,"minecraft:iron_leggings":1,"minecraft:iron_axe":2,"minecraft:chainmail_leggings":6,"minecraft:iron_shovel":1,"minecraft:paper":19,"irons_spellbooks:wandering_magician_chestplate":1,"minecraft:string":23,"minecraft:spruce_sapling":21,"minecraft:redstone":2,"iceandfire:dragonbone":1,"iceandfire:silver_nugget":10,"alexscaves:guano":1,"minecraft:moss_carpet":1,"minecraft:player_head":1,"iceandfire:troll_weapon_trunk":2,"minecraft:raw_copper":5,"minecraft:stone_shovel":3,"minecraft:white_carpet":6,"minecraft:iron_boots":6,"sophisticatedbackpacks:backpack":1,"minecraft:name_tag":1,"minecraft:oak_sign":1,"minecraft:lily_of_the_valley":2,"iceandfire:dragon_ice":2,"minecraft:potato":2,"minecraft:cyan_wool":2,"minecraft:shield":3,"minecraft:flower_pot":2,"minecraft:allium":1,"iceandfire:rotten_egg":1,"aether:chainmail_gloves":3,"irons_spellbooks:wandering_magician_leggings":4,"minecraft:spruce_planks":6,"minecraft:iron_chestplate":1,"minecraft:mossy_stone_bricks":2,"minecraft:golden_leggings":3,"minecraft:oak_sapling":1,"minecraft:spider_eye":1,"minecraft:barrel":3,"minecraft:stone_bricks":1,"minecraft:diamond_boots":3,"minecraft:rabbit_stew":1,"sophisticatedbackpacks:copper_backpack":8,"minecraft:stone_pickaxe":1},"minecraft:used":{"minecraft:chest":65,"minecraft:shield":11,"minecraft:iron_sword":246,"minecraft:mossy_stone_brick_slab":1,"minecraft:iron_chestplate":2,"minecraft:carrot":2,"minecraft:spruce_boat":2,"minecraft:lantern":6,"minecraft:iron_helmet":1,"minecraft:item_frame":2,"minecraft:rabbit_stew":3,"biomesoplenty:jacaranda_sapling":7,"minecraft:furnace":4,"biomesoplenty:jacaranda_fence":12,"minecraft:oak_planks":93,"minecraft:stone_pickaxe":131,"iceandfire:troll_weapon_trunk":218,"minecraft:ender_pearl":1,"minecraft:cookie":1,"iceandfire:podium_spruce":1,"minecraft:blast_furnace":1,"biomesoplenty:jacaranda_planks":274,"comforts:sleeping_bag_cyan":2,"minecraft:firework_rocket":1,"minecraft:bread":232,"minecraft:chain":1,"minecraft:oak_boat":2,"minecraft:golden_pickaxe":32,"minecraft:oak_trapdoor":5,"minecraft:experience_bottle":1,"minecraft:armor_stand":7,"minecraft:stone_shovel":258,"minecraft:spruce_planks":246,"minecraft:cooked_chicken":1,"minecraft:stone_hoe":147,"minecraft:dirt":258,"minecraft:spruce_stairs":2,"minecraft:bookshelf":24,"minecraft:iron_axe":399,"minecraft:oak_stairs":1,"minecraft:spawner":2,"biomesoplenty:jacaranda_stairs":35,"alexscaves:spelunkery_table":1,"minecraft:goat_horn":2,"iceandfire:dragonbone_pickaxe":25,"minecraft:cooked_beef":1,"minecraft:cobbled_deepslate":9,"minecraft:iron_leggings":1,"minecraft:wheat_seeds":65,"minecraft:oak_slab":7,"minecraft:crafting_table":11,"minecraft:white_bed":2,"minecraft:spruce_log":4,"minecraft:cake":1,"minecraft:smoker":1,"minecraft:oak_log":1,"minecraft:flower_pot":2,"minecraft:iron_pickaxe":108,"minecraft:stone_axe":206,"minecraft:cobblestone":47,"minecraft:red_banner":2},"minecraft:custom":{"minecraft:interact_with_crafting_table":87,"minecraft:open_barrel":19,"minecraft:bell_ring":5,"minecraft:eat_cake_slice":11,"minecraft:leave_game":3,"minecraft:time_since_death":6776,"minecraft:sprint_one_cm":1062811,"minecraft:damage_blocked_by_shield":365,"minecraft:drop":297,"minecraft:talked_to_villager":11,"minecraft:play_time":428393,"minecraft:deaths":9,"minecraft:jump":9099,"minecraft:interact_with_brewingstand":2,"minecraft:walk_on_water_one_cm":65290,"minecraft:interact_with_furnace":30,"minecraft:traded_with_villager":6,"minecraft:interact_with_loom":2,"minecraft:sleep_in_bed":8,"minecraft:waystone_activated":1,"minecraft:damage_dealt":47593,"minecraft:player_kills":2,"minecraft:crouch_one_cm":28853,"minecraft:interact_with_smoker":3,"minecraft:interact_with_smithing_table":1,"minecraft:interact_with_anvil":1,"minecraft:mob_kills":177,"minecraft:damage_dealt_resisted":3254,"minecraft:climb_one_cm":8927,"minecraft:walk_one_cm":992135,"minecraft:damage_dealt_absorbed":240,"minecraft:sneak_time":10837,"minecraft:walk_under_water_one_cm":32371,"minecraft:boat_one_cm":234627,"minecraft:interact_with_lectern":3,"minecraft:interact_with_blast_furnace":5,"minecraft:total_world_time":428393,"minecraft:pot_flower":2,"minecraft:time_since_rest":6800,"minecraft:damage_absorbed":1,"minecraft:damage_taken":13039,"minecraft:trigger_trapped_chest":1,"minecraft:swim_one_cm":59472,"minecraft:fly_one_cm":2263477,"minecraft:open_chest":148,"minecraft:fall_one_cm":280477}},"DataVersion":3465}