{"stats":{"minecraft:dropped":{"minecraft:iron_ingot":60,"minecraft:bread":7,"biomesoplenty:jacaranda_sapling":2,"minecraft:brown_mushroom":1,"minecraft:wheat_seeds":214,"minecraft:golden_helmet":4,"minecraft:glow_ink_sac":2,"biomesoplenty:lavender":24,"minecraft:feather":1,"alexscaves:spelunkery_table":1,"minecraft:lantern":2,"minecraft:leather_helmet":2,"minecraft:red_mushroom":3,"minecraft:stick":2,"minecraft:flint":4,"minecraft:dirt":9,"iceandfire:copper_nugget":42,"minecraft:mutton":3,"minecraft:gold_nugget":4,"minecraft:paper":19,"minecraft:string":7,"minecraft:armor_stand":3,"iceandfire:dragonbone":1,"minecraft:bone":35,"minecraft:redstone":2,"minecraft:gravel":1,"minecraft:stone_axe":1,"minecraft:raw_copper":5,"minecraft:wheat":1,"minecraft:obsidian":1,"minecraft:white_carpet":6,"minecraft:rotten_flesh":9,"minecraft:iron_boots":6,"minecraft:glowstone_dust":1,"minecraft:name_tag":1,"minecraft:oak_sign":1,"iceandfire:rotten_egg":1,"minecraft:beetroot_seeds":2,"minecraft:golden_leggings":3,"minecraft:leather_leggings":1,"sophisticatedbackpacks:copper_backpack":3,"minecraft:arrow":9,"minecraft:beef":5,"biomesoplenty:tall_lavender":1,"iceandfire:manuscript":1,"minecraft:enchanted_book":1},"minecraft:picked_up":{"irons_spellbooks:scroll":1,"iceandfire:dragon_skull_lightning":1,"minecraft:crafting_table":4,"minecraft:iron_chestplate":1,"minecraft:wheat":47,"minecraft:leather_leggings":4,"minecraft:lead":2,"minecraft:brown_mushroom":1,"minecraft:oak_stairs":1,"biomesoplenty:jacaranda_sapling":11,"minecraft:enchanted_book":1,"minecraft:shield":2,"minecraft:string":19,"biomesoplenty:jacaranda_fence":12,"minecraft:item_frame":1,"minecraft:raw_copper":5,"minecraft:flint_and_steel":1,"minecraft:iron_leggings":1,"minecraft:armor_stand":10,"biomesoplenty:tall_lavender":8,"minecraft:white_carpet":6,"minecraft:oak_sign":2,"iceandfire:bestiary":2,"irons_spellbooks:arcane_essence":6,"alexsmobs:emu_feather":2,"minecraft:gold_nugget":54,"minecraft:spruce_planks":12,"minecraft:beef":20,"minecraft:poppy":1,"minecraft:sugar_cane":10,"minecraft:chest":1,"minecraft:iron_boots":5,"minecraft:furnace":6,"minecraft:golden_helmet":9,"iceandfire:pixie_dust":1,"minecraft:raw_iron":70,"minecraft:stick":12,"iceandfire:dragonbone":34,"iceandfire:troll_tusk":1,"minecraft:oak_fence":1,"minecraft:acacia_log":15,"minecraft:spruce_stairs":5,"sophisticatedbackpacks:backpack":1,"iceandfire:rotten_egg":1,"minecraft:carrot":18,"minecraft:redstone":2,"minecraft:arrow":14,"minecraft:rotten_flesh":11,"biomesoplenty:jacaranda_log":41,"biomesoplenty:jacaranda_stairs":31,"minecraft:beetroot_seeds":2,"minecraft:diamond_boots":3,"minecraft:hay_block":57,"alexscaves:spelunkery_table":3,"alexsmobs:emu_egg":3,"minecraft:gold_ingot":8,"sophisticatedbackpacks:copper_backpack":3,"minecraft:white_wool":2,"minecraft:mutton":3,"iceandfire:troll_weapon_trunk":1,"minecraft:cobblestone":80,"minecraft:oxeye_daisy":1,"biomesoplenty:lavender":197,"minecraft:leather_chestplate":3,"minecraft:feather":2,"minecraft:glow_ink_sac":2,"minecraft:leather":14,"minecraft:golden_leggings":7,"minecraft:red_mushroom":3,"minecraft:potato":4,"alexsmobs:bear_fur":1,"minecraft:flint":4,"minecraft:oak_log":3,"biomesoplenty:jacaranda_planks":147,"minecraft:dirt":308,"minecraft:paper":20,"minecraft:lantern":2,"minecraft:name_tag":1,"minecraft:bone":43,"minecraft:wheat_seeds":358,"minecraft:iron_ingot":46,"minecraft:stone_pickaxe":1,"minecraft:cooked_chicken":1,"minecraft:glowstone_dust":1,"minecraft:oak_planks":5,"minecraft:iron_sword":2,"iceandfire:copper_nugget":126,"irons_spellbooks:fireward_ring":1,"iceandfire:podium_spruce":1,"minecraft:gravel":1,"sophisticatedbackpacks:iron_backpack":1,"minecraft:spruce_log":7,"alexsmobs:animal_dictionary":2,"minecraft:leather_helmet":5,"minecraft:diamond":5,"minecraft:stone_axe":1,"minecraft:golden_apple":1,"minecraft:bread":90,"iceandfire:silver_nugget":30,"minecraft:coal":121,"minecraft:ender_pearl":2},"minecraft:crafted":{"minecraft:oak_planks":12,"minecraft:stone_shovel":5,"irons_spellbooks:wandering_magician_leggings":1,"minecraft:furnace":2,"minecraft:iron_boots":1,"minecraft:iron_axe":1,"minecraft:stone_pickaxe":1,"minecraft:chest":8,"biomesoplenty:jacaranda_stairs":12,"minecraft:wheat":513,"biomesoplenty:jacaranda_planks":164,"minecraft:crafting_table":1,"minecraft:spruce_planks":28,"minecraft:iron_helmet":1,"minecraft:golden_pickaxe":1,"minecraft:stone_axe":1,"minecraft:bread":157,"minecraft:air":0,"biomesoplenty:jacaranda_fence":12,"minecraft:iron_chestplate":1,"minecraft:shield":1,"irons_spellbooks:wandering_magician_chestplate":1,"minecraft:stick":36,"minecraft:iron_ingot":50,"minecraft:iron_pickaxe":2,"minecraft:gold_ingot":7,"minecraft:iron_leggings":1,"minecraft:acacia_planks":60,"irons_spellbooks:wandering_magician_helmet":1},"minecraft:mined":{"alexscaves:spelunkery_table":2,"minecraft:diamond_ore":1,"minecraft:spruce_planks":3,"minecraft:deepslate_diamond_ore":4,"iceandfire:copper_pile":6,"biomesoplenty:jacaranda_fence":12,"minecraft:grass_block":206,"biomesoplenty:jacaranda_stairs":31,"minecraft:spruce_leaves":1,"biomesoplenty:jacaranda_sapling":1,"minecraft:oxeye_daisy":1,"minecraft:spawner":1,"minecraft:hay_block":57,"biomesoplenty:jacaranda_log":41,"biomesoplenty:tall_lavender":8,"minecraft:furnace":4,"minecraft:carrots":10,"minecraft:iron_ore":50,"biomesoplenty:lavender":226,"minecraft:peony":1,"minecraft:potatoes":2,"iceandfire:gold_pile":9,"minecraft:oak_stairs":1,"iceandfire:podium_spruce":1,"minecraft:stone":66,"biomesoplenty:jacaranda_leaves":2,"biomesoplenty:jacaranda_planks":148,"minecraft:oak_fence":3,"minecraft:crafting_table":3,"minecraft:chest":1,"minecraft:cobblestone":1,"minecraft:tall_grass":22,"minecraft:copper_ore":1,"minecraft:sugar_cane":3,"minecraft:spruce_stairs":5,"minecraft:wheat":50,"minecraft:white_carpet":6,"minecraft:spruce_log":7,"minecraft:grass":279,"minecraft:coal_ore":36,"minecraft:oak_log":4,"iceandfire:silver_pile":9,"minecraft:beetroots":1,"minecraft:dirt":27,"minecraft:cobweb":14},"minecraft:broken":{"minecraft:iron_helmet":1,"minecraft:golden_pickaxe":1,"minecraft:stone_shovel":1},"minecraft:killed":{"minecraft:cave_spider":1,"irons_spellbooks:summoned_zombie":4,"minecraft:witch":1,"alexsmobs:raccoon":2,"minecraft:spider":11,"minecraft:skeleton":10,"alexsmobs:bison":1,"irons_spellbooks:summoned_skeleton":1,"minecraft:pig":1,"alexsmobs:grizzly_bear":1,"minecraft:zombie_villager":1,"iceandfire:troll":1,"minecraft:iron_golem":1,"irons_spellbooks:necromancer":2,"alexsmobs:rhinoceros":1,"minecraft:creeper":1,"minecraft:sheep":2,"minecraft:zombie":24,"iceandfire:ghost":2,"alexsmobs:crow":1,"minecraft:cow":6,"minecraft:enderman":1},"minecraft:used":{"minecraft:stone_shovel":233,"minecraft:armor_stand":7,"minecraft:chest":9,"minecraft:spruce_planks":6,"minecraft:shield":6,"minecraft:iron_sword":233,"minecraft:dirt":217,"minecraft:spruce_stairs":2,"minecraft:iron_axe":239,"minecraft:oak_stairs":1,"biomesoplenty:jacaranda_stairs":33,"minecraft:item_frame":2,"biomesoplenty:jacaranda_sapling":7,"alexscaves:spelunkery_table":1,"minecraft:furnace":4,"biomesoplenty:jacaranda_fence":12,"minecraft:stone_pickaxe":121,"iceandfire:troll_weapon_trunk":34,"minecraft:ender_pearl":1,"iceandfire:podium_spruce":1,"minecraft:crafting_table":4,"biomesoplenty:jacaranda_planks":271,"minecraft:bread":95,"minecraft:iron_pickaxe":13,"minecraft:stone_axe":49,"minecraft:cobblestone":30,"minecraft:golden_pickaxe":32},"minecraft:custom":{"minecraft:interact_with_smithing_table":1,"minecraft:mob_kills":81,"minecraft:interact_with_crafting_table":37,"minecraft:open_barrel":1,"minecraft:bell_ring":5,"minecraft:damage_dealt_resisted":582,"minecraft:eat_cake_slice":7,"minecraft:time_since_death":157363,"minecraft:climb_one_cm":3578,"minecraft:sprint_one_cm":395644,"minecraft:walk_one_cm":429899,"minecraft:damage_blocked_by_shield":220,"minecraft:drop":97,"minecraft:damage_dealt_absorbed":200,"minecraft:talked_to_villager":4,"minecraft:play_time":191460,"minecraft:deaths":1,"minecraft:sneak_time":2884,"minecraft:walk_under_water_one_cm":12073,"minecraft:jump":3330,"minecraft:walk_on_water_one_cm":22838,"minecraft:total_world_time":191460,"minecraft:interact_with_furnace":27,"minecraft:interact_with_loom":2,"minecraft:sleep_in_bed":3,"minecraft:time_since_rest":68763,"minecraft:waystone_activated":1,"minecraft:damage_taken":4426,"minecraft:damage_absorbed":1,"minecraft:damage_dealt":18728,"minecraft:player_kills":1,"minecraft:swim_one_cm":25653,"minecraft:fly_one_cm":796539,"minecraft:open_chest":45,"minecraft:crouch_one_cm":7275,"minecraft:fall_one_cm":99821}},"DataVersion":3465}