{"stats":{"minecraft:killed_by":{"irons_spellbooks:priest":1,"iceandfire:cyclops":1,"minecraft:vindicator":1,"minecraft:zombie":1,"minecraft:iron_golem":2},"minecraft:picked_up":{"irons_spellbooks:scroll":6,"minecraft:iron_chestplate":6,"minecraft:wheat":131,"minecraft:stone_slab":9,"minecraft:flower_pot":8,"irons_spellbooks:wandering_magician_leggings":3,"minecraft:lead":2,"aether:iron_gloves":2,"minecraft:oak_stairs":3,"minecraft:wither_rose":3,"minecraft:enchanted_book":1,"minecraft:string":39,"iceandfire:dragonbone_pickaxe":6,"minecraft:raw_copper":5,"minecraft:iron_leggings":7,"minecraft:armor_stand":39,"biomesoplenty:tall_lavender":10,"minecraft:experience_bottle":1,"minecraft:oak_sign":3,"minecraft:sea_pickle":1,"alexsmobs:blood_sac":2,"irons_spellbooks:arcane_essence":29,"alexsmobs:emu_feather":2,"minecraft:gold_nugget":54,"minecraft:cobbled_deepslate":12,"minecraft:bucket":11,"minecraft:spruce_planks":951,"minecraft:iron_pickaxe":13,"minecraft:coal_block":6,"irons_spellbooks:inscription_table":1,"minecraft:iron_boots":13,"minecraft:furnace":6,"minecraft:golden_helmet":10,"iceandfire:pixie_dust":1,"minecraft:stick":111,"minecraft:oak_fence":1,"minecraft:torch":21,"minecraft:acacia_log":15,"iceandfire:dragonscales_white":74,"minecraft:spruce_stairs":7,"minecraft:porkchop":13,"iceandfire:rotten_egg":1,"aether:white_moa_egg":3,"minecraft:rotten_flesh":63,"aether:chainmail_gloves":4,"minecraft:iron_block":2,"alexsmobs:emu_egg":3,"minecraft:glowstone":18,"minecraft:bookshelf":31,"minecraft:obsidian":9,"minecraft:cobblestone":252,"biomesoplenty:lavender":239,"minecraft:leather_chestplate":3,"minecraft:feather":2,"minecraft:lilac":1,"minecraft:cooked_beef":1,"minecraft:water_bucket":1,"minecraft:golden_leggings":8,"minecraft:smoker":1,"minecraft:potato":6,"alexsmobs:bear_fur":1,"alexscaves:cave_book":3,"minecraft:flint":4,"minecraft:wither_skeleton_skull":1,"irons_spellbooks:concentration_amulet":1,"minecraft:lapis_lazuli":164,"minecraft:dirt":457,"minecraft:lantern":10,"minecraft:name_tag":1,"minecraft:leather_boots":2,"minecraft:bone":96,"minecraft:wheat_seeds":767,"alexscaves:guano":2,"minecraft:raw_gold":12,"minecraft:mossy_stone_bricks":4,"minecraft:diamond_helmet":1,"aether:book_of_lore":3,"minecraft:glowstone_dust":29,"minecraft:moss_block":8,"minecraft:stone_hoe":3,"minecraft:oak_planks":433,"irons_spellbooks:fireward_ring":11,"minecraft:music_disc_13":5,"iceandfire:podium_spruce":1,"minecraft:sand":18,"sophisticatedbackpacks:iron_backpack":11,"minecraft:lily_of_the_valley":4,"comforts:sleeping_bag_cyan":8,"minecraft:dark_oak_log":68,"minecraft:barrel":4,"alexsmobs:animal_dictionary":2,"minecraft:dark_prismarine":5,"immersive_melodies:piano":2,"minecraft:diamond":60,"iceandfire:dragon_ice":3,"minecraft:crossbow":1,"aether:swet_ball":3,"minecraft:golden_apple":1,"minecraft:bread":846,"minecraft:emerald":25,"minecraft:oak_sapling":3,"irons_spellbooks:uncommon_ink":2,"minecraft:netherrack":2,"aether:blue_aercloud":2,"iceandfire:silver_nugget":184,"iceandfire:dragon_skull_lightning":1,"minecraft:charcoal":33,"minecraft:crafting_table":6,"minecraft:allium":2,"iceandfire:witherbone":4,"minecraft:rabbit_stew":5,"aether:aether_dirt":5,"minecraft:leather_leggings":10,"minecraft:brown_mushroom":1,"biomesoplenty:jacaranda_sapling":13,"minecraft:chain":3,"minecraft:shield":13,"minecraft:moss_carpet":2,"minecraft:oak_trapdoor":5,"biomesoplenty:jacaranda_fence":60,"minecraft:iron_axe":6,"minecraft:flint_and_steel":1,"minecraft:netherite_scrap":2,"minecraft:item_frame":6,"minecraft:white_carpet":6,"minecraft:iron_shovel":1,"minecraft:cyan_carpet":7,"iceandfire:graveyard_soil":3,"iceandfire:bestiary":2,"minecraft:beef":22,"minecraft:oak_boat":3,"minecraft:cyan_wool":10,"immersive_melodies:trumpet":11,"minecraft:player_head":2,"minecraft:iron_nugget":82,"minecraft:poppy":7,"irons_spellbooks:emerald_stoneplate_ring":7,"minecraft:sugar_cane":70,"minecraft:chest":3,"iceandfire:ice_dragon_heart":1,"minecraft:copper_ore":8,"minecraft:dark_oak_sapling":4,"minecraft:raw_iron":77,"minecraft:sandstone":7,"iceandfire:dragonbone":66,"minecraft:stone":450,"iceandfire:troll_tusk":1,"aether:golden_parachute":1,"sophisticatedbackpacks:backpack":4,"minecraft:spruce_fence":6,"minecraft:cake":1,"minecraft:cookie":1,"minecraft:carrot":79,"minecraft:redstone":2,"minecraft:dark_oak_planks":98,"iceandfire:dragon_skull_ice":3,"irons_spellbooks:evocation_rune":1,"minecraft:arrow":165,"iceandfire:cyclops_eye":3,"minecraft:stone_shovel":13,"biomesoplenty:jacaranda_log":41,"minecraft:beetroot_seeds":2,"biomesoplenty:jacaranda_stairs":47,"minecraft:peony":3,"minecraft:diamond_boots":10,"minecraft:hay_block":121,"alexscaves:spelunkery_table":3,"irons_spellbooks:wandering_magician_helmet":4,"minecraft:gold_ingot":11,"sophisticatedbackpacks:copper_backpack":9,"minecraft:mutton":9,"iceandfire:troll_weapon_trunk":12,"minecraft:skeleton_skull":3,"minecraft:white_wool":12,"minecraft:oxeye_daisy":1,"minecraft:lapis_ore":2,"minecraft:glow_ink_sac":3,"minecraft:leather":26,"minecraft:red_mushroom":7,"irons_spellbooks:silver_ring":1,"minecraft:oak_log":66,"minecraft:chainmail_chestplate":1,"iceandfire:ectoplasm":1,"biomesoplenty:jacaranda_planks":166,"minecraft:gunpowder":8,"alexsmobs:mosquito_proboscis":2,"minecraft:paper":20,"minecraft:spawner":1,"minecraft:stone_bricks":3,"iceandfire:dragon_stick":1,"minecraft:spruce_wood":1,"minecraft:iron_ingot":140,"minecraft:stone_pickaxe":2,"minecraft:cooked_chicken":1,"minecraft:cobweb":2,"irons_spellbooks:cinder_essence":2,"minecraft:iron_sword":7,"minecraft:dark_oak_stairs":2,"minecraft:book":95,"minecraft:oak_slab":51,"iceandfire:copper_nugget":126,"iceandfire:dragon_horn":1,"minecraft:stone_brick_slab":1,"minecraft:gravel":1,"minecraft:red_banner":2,"minecraft:spruce_sapling":53,"minecraft:blast_furnace":1,"minecraft:white_bed":2,"minecraft:spruce_log":456,"artifacts:scarf_of_invisibility":3,"minecraft:mossy_stone_brick_slab":1,"minecraft:spider_eye":5,"minecraft:leather_helmet":6,"iceandfire:dragon_flute":1,"minecraft:firework_rocket":1,"minecraft:pumpkin_seeds":3,"minecraft:coal_ore":14,"minecraft:stone_axe":8,"minecraft:chainmail_leggings":8,"minecraft:iron_helmet":6,"iceandfire:ice_dragon_flesh":12,"minecraft:baked_potato":10,"minecraft:coal":121,"minecraft:ender_pearl":2},"minecraft:broken":{"minecraft:iron_chestplate":1,"minecraft:stone_pickaxe":1,"minecraft:stone_axe":1,"minecraft:iron_sword":1,"minecraft:stone_shovel":1,"aether:golden_parachute":1,"minecraft:iron_axe":1,"minecraft:iron_helmet":2,"minecraft:golden_pickaxe":1},"minecraft:killed":{"minecraft:cave_spider":3,"minecraft:zombified_piglin":1,"minecraft:witch":3,"minecraft:spider":22,"minecraft:skeleton":55,"irons_spellbooks:summoned_skeleton":4,"minecraft:cat":1,"minecraft:piglin":2,"minecraft:pig":1,"alexsmobs:grizzly_bear":4,"minecraft:zombie_villager":2,"minecraft:iron_golem":4,"irons_spellbooks:necromancer":4,"aether:aerwhale":2,"minecraft:creeper":3,"alexsmobs:crimson_mosquito":4,"minecraft:sheep":2,"minecraft:pillager":2,"minecraft:zombie":84,"minecraft:cow":7,"irons_spellbooks:summoned_zombie":10,"alexsmobs:raccoon":5,"alexscaves:vesper":1,"alexsmobs:bison":1,"minecraft:drowned":1,"minecraft:husk":3,"iceandfire:cyclops":1,"iceandfire:troll":3,"irons_spellbooks:citadel_keeper":1,"minecraft:hoglin":2,"alexsmobs:rhinoceros":1,"alexsmobs:cockroach":1,"iceandfire:ghost":7,"iceandfire:ice_dragon":1,"alexsmobs:crow":1,"minecraft:wither_skeleton":8,"minecraft:villager":1,"minecraft:enderman":2},"minecraft:mined":{"minecraft:farmland":3,"minecraft:white_bed":2,"minecraft:spruce_planks":11,"irons_spellbooks:armor_pile":1,"minecraft:mossy_stone_brick_slab":1,"iceandfire:copper_pile":6,"minecraft:obsidian":5,"minecraft:grass_block":240,"biomesoplenty:jacaranda_stairs":31,"minecraft:coal_block":3,"minecraft:oak_wall_sign":1,"minecraft:oxeye_daisy":1,"minecraft:spawner":14,"biomesoplenty:tall_lavender":10,"minecraft:glowstone":20,"minecraft:iron_ore":50,"minecraft:barrel":2,"minecraft:fire":21,"biomesoplenty:lavender":248,"minecraft:deepslate_lapis_ore":7,"minecraft:dark_oak_stairs":1,"iceandfire:gold_pile":9,"minecraft:dirt_path":4,"minecraft:oak_stairs":2,"minecraft:iron_block":1,"biomesoplenty:jacaranda_leaves":2,"biomesoplenty:jacaranda_planks":151,"minecraft:smoker":1,"minecraft:torch":1,"minecraft:blast_furnace":1,"minecraft:chest":1,"minecraft:white_stained_glass_pane":1,"minecraft:cobblestone":10,"minecraft:oak_planks":7,"minecraft:sugar_cane":8,"minecraft:wall_torch":6,"minecraft:seagrass":3,"minecraft:cyan_wool":6,"minecraft:chain":2,"minecraft:nether_wart_block":2,"minecraft:wheat":139,"minecraft:tnt":1,"minecraft:wither_rose":1,"minecraft:grass":318,"biomesoplenty:clover":6,"minecraft:oak_log":63,"minecraft:beetroots":1,"minecraft:smooth_quartz":2,"minecraft:dirt":60,"minecraft:deepslate":11,"minecraft:netherrack":2,"aether:blue_aercloud":2,"minecraft:oak_leaves":1,"minecraft:dark_prismarine":5,"minecraft:diamond_ore":1,"alexscaves:spelunkery_table":2,"minecraft:tuff":1,"minecraft:mossy_cobblestone":1,"minecraft:deepslate_diamond_ore":25,"minecraft:dark_oak_log":34,"biomesoplenty:jacaranda_fence":12,"biomesoplenty:bush":6,"minecraft:spruce_fence":4,"minecraft:spruce_leaves":2,"iceandfire:dragon_ice":1,"biomesoplenty:jacaranda_sapling":1,"minecraft:hay_block":121,"biomesoplenty:jacaranda_log":41,"minecraft:oak_trapdoor":8,"minecraft:furnace":4,"minecraft:carrots":10,"minecraft:peony":3,"minecraft:bookshelf":26,"minecraft:potatoes":2,"biomesoplenty:barley":16,"irons_spellbooks:inscription_table":1,"minecraft:stone":674,"biomesoplenty:spider_egg":1,"iceandfire:podium_spruce":1,"minecraft:oak_slab":3,"minecraft:potted_lily_of_the_valley":4,"minecraft:stone_brick_slab":2,"minecraft:oak_fence":3,"minecraft:crafting_table":4,"minecraft:campfire":12,"minecraft:stone_slab":9,"minecraft:copper_ore":12,"minecraft:tall_grass":29,"minecraft:deepslate_gold_ore":6,"minecraft:lapis_ore":9,"minecraft:spruce_stairs":6,"minecraft:spruce_log":135,"minecraft:white_carpet":6,"minecraft:red_wall_banner":2,"minecraft:coal_ore":44,"iceandfire:silver_pile":11,"minecraft:cyan_carpet":5,"minecraft:cobweb":14,"minecraft:stone_bricks":6,"minecraft:mossy_stone_bricks":2},"minecraft:crafted":{"irons_spellbooks:wandering_magician_helmet":2,"minecraft:oak_planks":236,"minecraft:oak_sign":3,"minecraft:bookshelf":30,"minecraft:hopper":1,"minecraft:iron_boots":2,"sophisticatedbackpacks:copper_backpack":1,"minecraft:chest":76,"minecraft:stone_hoe":2,"biomesoplenty:jacaranda_stairs":12,"minecraft:oak_slab":18,"biomesoplenty:jacaranda_planks":164,"minecraft:crafting_table":9,"minecraft:spruce_planks":960,"minecraft:iron_helmet":4,"minecraft:golden_pickaxe":1,"biomesoplenty:jacaranda_fence":12,"minecraft:iron_chestplate":4,"minecraft:shield":2,"minecraft:stone_slab":12,"minecraft:stick":48,"minecraft:iron_ingot":59,"minecraft:iron_pickaxe":2,"minecraft:gold_ingot":7,"iceandfire:dragon_horn":1,"minecraft:rabbit_stew":6,"minecraft:stone_shovel":5,"irons_spellbooks:wandering_magician_leggings":2,"iceandfire:dragon_stick":1,"minecraft:furnace":2,"iceandfire:dragon_flute":1,"minecraft:iron_axe":2,"comforts:sleeping_bag_cyan":2,"minecraft:stone_pickaxe":1,"minecraft:spruce_boat":2,"minecraft:dark_oak_planks":136,"sophisticatedbackpacks:iron_backpack":1,"minecraft:wheat":1089,"minecraft:diamond_sword":1,"minecraft:bucket":2,"minecraft:stone_axe":3,"minecraft:glowstone":1,"iceandfire:dragonbone_pickaxe":1,"minecraft:bread":402,"minecraft:air":0,"minecraft:oak_boat":3,"irons_spellbooks:wandering_magician_chestplate":2,"minecraft:iron_leggings":4,"minecraft:acacia_planks":60},"minecraft:dropped":{"sophisticatedbackpacks:iron_backpack":2,"minecraft:iron_sword":5,"minecraft:moss_block":4,"minecraft:brown_mushroom":1,"minecraft:porkchop":6,"irons_spellbooks:rare_ink":1,"irons_spellbooks:concentration_amulet":2,"minecraft:baked_potato":6,"minecraft:glow_ink_sac":3,"minecraft:dark_oak_sapling":2,"irons_spellbooks:fireward_ring":2,"aether:swet_ball":1,"comforts:sleeping_bag_cyan":3,"minecraft:lantern":3,"minecraft:leather":1,"iceandfire:ectoplasm":1,"minecraft:leather_helmet":2,"minecraft:red_mushroom":7,"iceandfire:graveyard_soil":3,"minecraft:flint":4,"minecraft:music_disc_13":1,"minecraft:dirt":28,"minecraft:netherite_scrap":1,"irons_spellbooks:silver_ring":1,"minecraft:mutton":3,"immersive_melodies:piano":2,"minecraft:chain":1,"minecraft:gold_nugget":4,"minecraft:sand":9,"minecraft:iron_pickaxe":3,"minecraft:dark_oak_planks":15,"minecraft:white_wool":5,"minecraft:cyan_carpet":5,"iceandfire:dragonbone_pickaxe":1,"minecraft:armor_stand":8,"minecraft:bone":52,"minecraft:gravel":1,"minecraft:stone_axe":1,"minecraft:iron_nugget":18,"minecraft:wheat":2,"minecraft:obsidian":1,"minecraft:rotten_flesh":22,"minecraft:oak_planks":45,"minecraft:glowstone_dust":17,"minecraft:carrot":17,"minecraft:chainmail_chestplate":1,"minecraft:poppy":4,"irons_spellbooks:wandering_magician_helmet":3,"minecraft:coal_ore":7,"minecraft:skeleton_skull":2,"minecraft:charcoal":1,"minecraft:beetroot_seeds":2,"minecraft:leather_boots":2,"minecraft:leather_leggings":2,"minecraft:arrow":85,"minecraft:beef":6,"biomesoplenty:jacaranda_stairs":8,"alexsmobs:mosquito_proboscis":1,"artifacts:scarf_of_invisibility":1,"minecraft:water_bucket":1,"biomesoplenty:tall_lavender":1,"iceandfire:manuscript":1,"minecraft:spawner":1,"minecraft:enchanted_book":1,"minecraft:stone_hoe":1,"minecraft:iron_ingot":60,"minecraft:bread":465,"biomesoplenty:jacaranda_sapling":4,"minecraft:wheat_seeds":280,"minecraft:golden_helmet":6,"minecraft:bookshelf":7,"minecraft:book":1,"biomesoplenty:lavender":56,"minecraft:iron_helmet":1,"minecraft:feather":1,"minecraft:cobblestone":1,"minecraft:lead":2,"alexscaves:spelunkery_table":1,"minecraft:spruce_stairs":1,"minecraft:stick":46,"iceandfire:copper_nugget":42,"minecraft:torch":8,"minecraft:diamond_helmet":1,"minecraft:iron_leggings":2,"minecraft:iron_axe":2,"minecraft:chainmail_leggings":6,"minecraft:iron_shovel":1,"minecraft:paper":19,"irons_spellbooks:wandering_magician_chestplate":1,"minecraft:string":24,"minecraft:bucket":1,"minecraft:spruce_sapling":21,"minecraft:redstone":2,"iceandfire:dragonbone":1,"iceandfire:silver_nugget":10,"alexscaves:guano":1,"minecraft:moss_carpet":1,"minecraft:player_head":1,"iceandfire:troll_weapon_trunk":3,"minecraft:raw_copper":5,"minecraft:stone_shovel":3,"minecraft:white_carpet":6,"minecraft:iron_boots":9,"sophisticatedbackpacks:backpack":1,"minecraft:name_tag":1,"minecraft:spruce_fence":1,"minecraft:oak_sign":1,"minecraft:pumpkin_seeds":3,"minecraft:lily_of_the_valley":2,"minecraft:copper_ore":8,"iceandfire:dragon_ice":2,"minecraft:potato":2,"minecraft:cyan_wool":2,"minecraft:shield":3,"minecraft:flower_pot":2,"minecraft:allium":1,"iceandfire:rotten_egg":1,"aether:chainmail_gloves":4,"minecraft:peony":2,"irons_spellbooks:wandering_magician_leggings":4,"minecraft:spruce_planks":75,"minecraft:iron_chestplate":1,"minecraft:mossy_stone_bricks":2,"minecraft:golden_leggings":4,"minecraft:oak_sapling":1,"minecraft:spider_eye":1,"minecraft:barrel":3,"minecraft:stone_bricks":1,"minecraft:diamond_boots":3,"minecraft:rabbit_stew":1,"sophisticatedbackpacks:copper_backpack":9,"minecraft:stone_pickaxe":1},"minecraft:used":{"minecraft:oak_sign":2,"minecraft:chest":67,"minecraft:shield":26,"minecraft:stone":204,"minecraft:iron_sword":246,"minecraft:zombie_spawn_egg":2,"minecraft:mossy_stone_brick_slab":1,"minecraft:iron_chestplate":2,"minecraft:carrot":2,"minecraft:spruce_boat":2,"minecraft:glass":4,"minecraft:lava_bucket":18,"minecraft:villager_spawn_egg":3,"minecraft:lantern":6,"minecraft:iron_helmet":1,"aether:skyroot_water_bucket":2,"minecraft:item_frame":2,"minecraft:rabbit_stew":3,"biomesoplenty:jacaranda_sapling":7,"minecraft:furnace":4,"biomesoplenty:jacaranda_fence":12,"minecraft:oak_planks":124,"minecraft:stone_pickaxe":131,"iceandfire:troll_weapon_trunk":283,"minecraft:ender_pearl":1,"minecraft:cookie":1,"iceandfire:podium_spruce":1,"alexscaves:cave_book":1,"minecraft:blast_furnace":1,"biomesoplenty:jacaranda_planks":274,"comforts:sleeping_bag_cyan":2,"aether:blue_aercloud":2,"minecraft:firework_rocket":1,"minecraft:bread":300,"minecraft:cherry_sign":1,"minecraft:diamond_sword":81,"minecraft:chain":1,"minecraft:golden_pickaxe":32,"minecraft:oak_boat":2,"minecraft:oak_trapdoor":5,"minecraft:experience_bottle":1,"minecraft:flint_and_steel":1,"minecraft:armor_stand":13,"minecraft:stone_shovel":258,"aether:aether_dirt":5,"minecraft:spruce_planks":438,"minecraft:wither_skeleton_spawn_egg":2,"minecraft:torch":4,"minecraft:cooked_chicken":1,"minecraft:stone_hoe":147,"minecraft:dirt":270,"minecraft:hopper":2,"minecraft:spruce_stairs":2,"minecraft:dark_oak_planks":41,"minecraft:bookshelf":34,"minecraft:iron_axe":450,"minecraft:oak_stairs":2,"minecraft:spawner":10,"minecraft:iron_boots":1,"biomesoplenty:jacaranda_stairs":35,"alexscaves:spelunkery_table":1,"minecraft:glowstone":15,"minecraft:goat_horn":2,"iceandfire:dragonbone_pickaxe":119,"minecraft:cooked_beef":1,"minecraft:cobbled_deepslate":9,"minecraft:iron_leggings":1,"minecraft:wheat_seeds":65,"minecraft:cooked_mutton":3,"minecraft:water_bucket":22,"minecraft:oak_slab":7,"minecraft:crafting_table":14,"minecraft:white_bed":2,"minecraft:spruce_log":4,"minecraft:cake":1,"minecraft:smoker":1,"minecraft:oak_log":1,"minecraft:flower_pot":2,"minecraft:stone_slab":30,"minecraft:iron_pickaxe":678,"minecraft:lapis_ore":2,"minecraft:stone_axe":206,"minecraft:cobblestone":54,"aether:golden_parachute":9,"minecraft:red_banner":2,"minecraft:bucket":41},"minecraft:custom":{"minecraft:interact_with_crafting_table":103,"minecraft:open_barrel":52,"minecraft:bell_ring":14,"minecraft:eat_cake_slice":11,"minecraft:leave_game":6,"minecraft:time_since_death":116186,"minecraft:sprint_one_cm":1364132,"minecraft:damage_blocked_by_shield":820,"minecraft:drop":374,"minecraft:talked_to_villager":12,"minecraft:play_time":625345,"minecraft:deaths":12,"minecraft:jump":12341,"minecraft:interact_with_brewingstand":2,"minecraft:walk_on_water_one_cm":131443,"minecraft:interact_with_furnace":30,"minecraft:traded_with_villager":6,"minecraft:interact_with_loom":8,"minecraft:sleep_in_bed":10,"minecraft:waystone_activated":3,"minecraft:damage_dealt":63805,"minecraft:player_kills":2,"minecraft:crouch_one_cm":41768,"minecraft:interact_with_smoker":3,"minecraft:interact_with_smithing_table":1,"minecraft:interact_with_anvil":1,"minecraft:mob_kills":268,"minecraft:inspect_hopper":3,"minecraft:damage_dealt_resisted":3944,"minecraft:climb_one_cm":9737,"minecraft:walk_one_cm":1330478,"minecraft:damage_dealt_absorbed":240,"minecraft:sneak_time":16573,"minecraft:walk_under_water_one_cm":45466,"minecraft:boat_one_cm":234627,"minecraft:interact_with_lectern":3,"minecraft:interact_with_blast_furnace":5,"minecraft:total_world_time":625345,"minecraft:pot_flower":2,"minecraft:time_since_rest":116237,"minecraft:damage_absorbed":1,"minecraft:damage_taken":20012,"minecraft:trigger_trapped_chest":1,"minecraft:swim_one_cm":84315,"minecraft:fly_one_cm":2914768,"minecraft:open_chest":204,"minecraft:fall_one_cm":407450}},"DataVersion":3465}