{"stats":{"minecraft:dropped":{"minecraft:wheat_seeds":176,"minecraft:golden_helmet":2,"minecraft:raw_copper":5,"minecraft:obsidian":1,"biomesoplenty:lavender":14,"minecraft:white_carpet":6,"minecraft:lantern":2,"minecraft:beetroot_seeds":2,"minecraft:golden_leggings":3,"minecraft:gold_nugget":4,"biomesoplenty:tall_lavender":1,"iceandfire:manuscript":1,"minecraft:redstone":2},"minecraft:picked_up":{"biomesoplenty:lavender":14,"minecraft:crafting_table":1,"minecraft:wheat":46,"minecraft:leather":5,"minecraft:golden_leggings":7,"minecraft:potato":2,"minecraft:lantern":2,"minecraft:raw_copper":5,"biomesoplenty:tall_lavender":1,"minecraft:armor_stand":7,"minecraft:white_carpet":6,"iceandfire:bestiary":1,"minecraft:wheat_seeds":240,"minecraft:gold_nugget":54,"minecraft:iron_ingot":2,"minecraft:beef":5,"minecraft:sugar_cane":10,"minecraft:iron_sword":1,"minecraft:golden_helmet":7,"minecraft:raw_iron":18,"iceandfire:copper_nugget":42,"iceandfire:podium_spruce":1,"minecraft:carrot":9,"minecraft:spruce_log":7,"minecraft:redstone":2,"minecraft:beetroot_seeds":2,"minecraft:hay_block":26,"minecraft:gold_ingot":2,"minecraft:coal":30,"iceandfire:silver_nugget":30,"minecraft:cobblestone":35},"minecraft:crafted":{"minecraft:crafting_table":1,"minecraft:spruce_planks":28,"minecraft:furnace":2,"minecraft:golden_pickaxe":1,"minecraft:stone_axe":1,"minecraft:bread":93,"minecraft:air":0,"minecraft:iron_chestplate":1,"minecraft:shield":1,"minecraft:stick":8,"minecraft:iron_ingot":18,"minecraft:iron_pickaxe":1,"minecraft:stone_pickaxe":1,"minecraft:iron_leggings":1,"minecraft:gold_ingot":7,"minecraft:wheat":234},"minecraft:mined":{"iceandfire:copper_pile":6,"minecraft:crafting_table":1,"minecraft:copper_ore":1,"minecraft:tall_grass":5,"minecraft:spruce_leaves":1,"minecraft:sugar_cane":3,"minecraft:hay_block":26,"biomesoplenty:tall_lavender":1,"minecraft:carrots":10,"minecraft:iron_ore":18,"minecraft:wheat":50,"biomesoplenty:lavender":9,"minecraft:white_carpet":6,"minecraft:spruce_log":7,"minecraft:grass":5,"minecraft:potatoes":2,"minecraft:coal_ore":30,"iceandfire:silver_pile":9,"iceandfire:gold_pile":9,"minecraft:beetroots":1,"minecraft:stone":35,"iceandfire:podium_spruce":1},"minecraft:killed":{"minecraft:zombie":1,"minecraft:cow":4},"minecraft:broken":{"minecraft:golden_pickaxe":1},"minecraft:used":{"minecraft:armor_stand":7,"minecraft:stone_pickaxe":54,"minecraft:iron_sword":15,"iceandfire:podium_spruce":1,"minecraft:crafting_table":2,"minecraft:bread":7,"minecraft:stone_axe":1,"minecraft:furnace":2,"minecraft:golden_pickaxe":32},"minecraft:custom":{"minecraft:interact_with_smithing_table":1,"minecraft:interact_with_furnace":9,"minecraft:mob_kills":5,"minecraft:interact_with_crafting_table":10,"minecraft:eat_cake_slice":6,"minecraft:time_since_death":29460,"minecraft:sleep_in_bed":1,"minecraft:climb_one_cm":939,"minecraft:time_since_rest":24574,"minecraft:sprint_one_cm":60764,"minecraft:damage_taken":286,"minecraft:walk_one_cm":61081,"minecraft:drop":21,"minecraft:damage_dealt":660,"minecraft:swim_one_cm":11272,"minecraft:talked_to_villager":2,"minecraft:fly_one_cm":72297,"minecraft:open_chest":6,"minecraft:play_time":29460,"minecraft:crouch_one_cm":105,"minecraft:sneak_time":328,"minecraft:walk_under_water_one_cm":5124,"minecraft:jump":350,"minecraft:walk_on_water_one_cm":3880,"minecraft:total_world_time":29460,"minecraft:fall_one_cm":10892}},"DataVersion":3465}