{"stats":{"minecraft:killed":{"minecraft:cave_spider":16,"minecraft:skeleton":94,"alexscaves:underzealot":5,"minecraft:chicken":6,"alexsmobs:centipede_head":1,"minecraft:cat":2,"minecraft:iron_golem":13,"iceandfire:cockatrice":1,"minecraft:pillager":2,"minecraft:zombie":1786,"minecraft:cow":10,"aether:mimic":6,"alexsmobs:raccoon":5,"aether:golden_swet":3,"alexscaves:vesper":1,"minecraft:husk":3,"iceandfire:cyclops":1,"irons_spellbooks:citadel_keeper":1,"alexsmobs:rhinoceros":1,"iceandfire:ghost":8,"iceandfire:ice_dragon":1,"minecraft:enderman":4,"minecraft:zombified_piglin":1,"minecraft:witch":4,"aether:sentry":1,"minecraft:spider":33,"minecraft:silverfish":6,"irons_spellbooks:summoned_skeleton":6,"artifacts:mimic":3,"minecraft:piglin":2,"minecraft:pig":1,"alexsmobs:grizzly_bear":4,"minecraft:zombie_villager":5,"aether:aerwhale":2,"irons_spellbooks:necromancer":10,"minecraft:creeper":6,"aether:phyg":1,"alexsmobs:crimson_mosquito":4,"minecraft:sheep":6,"alexsmobs:terrapin":3,"alexsmobs:fly":2,"irons_spellbooks:summoned_zombie":14,"alexsmobs:tasmanian_devil":1,"iceandfire:fire_dragon":1,"minecraft:drowned":2,"aether:valkyrie":1,"alexsmobs:bison":2,"iceandfire:troll":4,"mowziesmobs:umvuthana_follower_raptor":1,"minecraft:hoglin":2,"alexsmobs:emu":1,"alexsmobs:cockroach":2,"alexsmobs:crow":1,"minecraft:wither_skeleton":8,"minecraft:villager":4},"minecraft:broken":{"minecraft:iron_boots":2,"minecraft:iron_chestplate":1,"minecraft:iron_sword":1,"aether:golden_parachute":1,"aether:zanite_ring":1,"aether:iron_gloves":1,"minecraft:iron_axe":1,"minecraft:iron_helmet":3,"minecraft:iron_shovel":4,"minecraft:stone_pickaxe":1,"minecraft:stone_axe":1,"minecraft:stone_shovel":1,"minecraft:golden_pickaxe":1},"minecraft:crafted":{"minecraft:oak_sign":3,"waystones:waystone":1,"minecraft:bookshelf":42,"minecraft:glass":430,"minecraft:diamond_helmet":1,"minecraft:diamond_leggings":1,"sophisticatedbackpacks:copper_backpack":1,"biomesoplenty:jacaranda_stairs":12,"minecraft:emerald":99,"minecraft:golden_pickaxe":1,"minecraft:copper_ingot":163,"waystones:warp_stone":1,"minecraft:stone_slab":12,"minecraft:iron_pickaxe":2,"minecraft:iron_block":8,"minecraft:gold_ingot":112,"iceandfire:dragon_horn":1,"minecraft:rabbit_stew":6,"minecraft:stone_shovel":5,"irons_spellbooks:wandering_magician_leggings":2,"sophisticatedbackpacks:stack_upgrade_tier_1":1,"iceandfire:dragon_flute":1,"minecraft:spruce_slab":24,"minecraft:ender_pearl":4,"minecraft:stone_pickaxe":1,"minecraft:diamond_boots":1,"biomesoplenty:jacaranda_door":3,"minecraft:spruce_boat":2,"minecraft:dark_oak_planks":264,"minecraft:wheat":1134,"sophisticatedbackpacks:gold_backpack":1,"minecraft:glowstone":1,"minecraft:enchanted_book":11,"minecraft:iron_shovel":5,"minecraft:iron_leggings":5,"minecraft:white_bed":5,"irons_spellbooks:wandering_magician_helmet":2,"minecraft:oak_planks":236,"minecraft:hopper":2,"minecraft:iron_boots":3,"minecraft:chest":76,"minecraft:copper_block":11,"minecraft:stone_hoe":2,"minecraft:stone_bricks":412,"minecraft:oak_slab":18,"biomesoplenty:jacaranda_planks":184,"minecraft:crafting_table":10,"minecraft:spruce_planks":1588,"minecraft:iron_helmet":5,"minecraft:baked_potato":64,"minecraft:gold_block":8,"sophisticatedbackpacks:upgrade_base":1,"biomesoplenty:jacaranda_slab":6,"biomesoplenty:jacaranda_fence":12,"minecraft:book":4,"minecraft:iron_chestplate":5,"minecraft:shield":2,"minecraft:stick":156,"sophisticatedbackpacks:diamond_backpack":1,"minecraft:iron_ingot":148,"iceandfire:dragon_stick":1,"minecraft:furnace":14,"sophisticatedbackpacks:stack_upgrade_starter_tier":1,"minecraft:iron_axe":3,"minecraft:iron_hoe":1,"comforts:sleeping_bag_cyan":2,"sophisticatedbackpacks:stack_upgrade_tier_2":1,"sophisticatedbackpacks:iron_backpack":1,"minecraft:diamond_sword":1,"elevatorid:elevator_white":4,"minecraft:spruce_sign":45,"minecraft:bucket":4,"minecraft:stone_axe":3,"iceandfire:dragonbone_pickaxe":1,"minecraft:bread":521,"minecraft:air":0,"minecraft:oak_boat":3,"irons_spellbooks:wandering_magician_chestplate":2,"minecraft:acacia_planks":60,"minecraft:lapis_lazuli":9,"minecraft:lapis_block":42,"minecraft:diamond_chestplate":1},"minecraft:dropped":{"sophisticatedbackpacks:iron_backpack":6,"minecraft:iron_sword":5,"iceandfire:raw_silver":16,"minecraft:porkchop":9,"irons_spellbooks:rare_ink":1,"minecraft:glow_ink_sac":3,"irons_spellbooks:fireward_ring":2,"aether:swet_ball":1,"comforts:sleeping_bag_cyan":3,"iceandfire:ectoplasm":1,"minecraft:leather_helmet":2,"minecraft:red_mushroom":7,"minecraft:dirt":78,"irons_spellbooks:silver_ring":1,"immersive_melodies:piano":2,"minecraft:chain":1,"minecraft:gold_nugget":4,"minecraft:bone_meal":1,"minecraft:sand":17,"minecraft:iron_pickaxe":4,"minecraft:dark_oak_planks":15,"minecraft:white_wool":6,"minecraft:cyan_carpet":5,"iceandfire:dragonbone_pickaxe":1,"minecraft:bone":55,"minecraft:stone_axe":1,"minecraft:iron_nugget":18,"minecraft:cooked_chicken":3,"minecraft:cobbled_deepslate":188,"minecraft:wheat":4,"minecraft:obsidian":1,"minecraft:rotten_flesh":134,"minecraft:oak_planks":45,"minecraft:glowstone_dust":17,"minecraft:coal_ore":8,"minecraft:charcoal":19,"minecraft:leather_boots":6,"minecraft:leather_leggings":2,"minecraft:spruce_slab":1,"minecraft:glass":1,"minecraft:beef":6,"biomesoplenty:jacaranda_stairs":8,"biomesoplenty:tall_lavender":7,"iceandfire:manuscript":1,"alexsmobs:mosquito_proboscis":1,"minecraft:enchanted_book":2,"minecraft:iron_ingot":61,"minecraft:wheat_seeds":422,"biomesoplenty:lavender":124,"minecraft:book":2,"minecraft:iron_helmet":2,"minecraft:feather":5,"minecraft:cobblestone":307,"minecraft:apple":1,"biomesoplenty:jacaranda_planks":11,"alexsmobs:raw_catfish":2,"aether:holystone_pickaxe":2,"iceandfire:copper_nugget":42,"minecraft:diamond_helmet":1,"minecraft:dead_bush":2,"biomesoplenty:jacaranda_door":2,"minecraft:chainmail_leggings":6,"minecraft:iron_shovel":1,"minecraft:paper":19,"irons_spellbooks:wandering_magician_chestplate":1,"minecraft:string":98,"minecraft:acacia_planks":3,"minecraft:spruce_sapling":30,"artifacts:digging_claws":3,"iceandfire:silver_nugget":10,"alexscaves:guano":1,"minecraft:moss_carpet":1,"minecraft:player_head":2,"iceandfire:troll_weapon_trunk":3,"minecraft:deepslate":11,"minecraft:stone_shovel":3,"minecraft:white_carpet":6,"minecraft:clay_ball":4,"minecraft:iron_boots":9,"sophisticatedbackpacks:backpack":3,"minecraft:stone_slab":4,"minecraft:name_tag":1,"minecraft:oak_sign":1,"minecraft:spruce_fence":3,"minecraft:pumpkin_seeds":3,"minecraft:lily_of_the_valley":2,"iceandfire:dragon_ice":2,"minecraft:diamond_sword":4,"minecraft:potato":66,"minecraft:cyan_wool":2,"minecraft:stone":7,"minecraft:flower_pot":2,"minecraft:allium":2,"minecraft:peony":3,"minecraft:spruce_planks":75,"minecraft:spider_eye":10,"minecraft:barrel":3,"minecraft:stone_bricks":1,"minecraft:rabbit_stew":1,"sophisticatedbackpacks:copper_backpack":11,"minecraft:moss_block":4,"minecraft:brown_mushroom":5,"irons_spellbooks:concentration_amulet":2,"minecraft:baked_potato":7,"minecraft:purple_glazed_terracotta":1,"minecraft:dark_oak_sapling":18,"minecraft:lantern":3,"minecraft:leather":17,"alexsmobs:bison_fur":2,"minecraft:flint":4,"iceandfire:graveyard_soil":3,"minecraft:cod":17,"minecraft:music_disc_13":1,"minecraft:netherite_scrap":1,"aether:iron_pendant":1,"minecraft:cornflower":3,"minecraft:mutton":6,"minecraft:amethyst_shard":2,"minecraft:armor_stand":9,"minecraft:gravel":3,"biomesoplenty:jacaranda_slab":2,"minecraft:cooked_mutton":2,"minecraft:acacia_stairs":1,"minecraft:carrot":17,"minecraft:chainmail_chestplate":1,"minecraft:poppy":4,"irons_spellbooks:wandering_magician_helmet":3,"minecraft:gunpowder":15,"minecraft:skeleton_skull":2,"minecraft:melon_seeds":4,"minecraft:beetroot_seeds":2,"minecraft:arrow":99,"aether:healing_stone":1,"artifacts:scarf_of_invisibility":1,"minecraft:spawner":1,"minecraft:water_bucket":1,"minecraft:stone_hoe":1,"minecraft:bread":473,"biomesoplenty:jacaranda_sapling":4,"minecraft:golden_helmet":7,"minecraft:bookshelf":7,"minecraft:poisonous_potato":1,"aether:golden_pendant":3,"minecraft:lead":3,"alexscaves:spelunkery_table":1,"minecraft:spruce_stairs":3,"minecraft:stick":143,"aether:poison_dart":4,"minecraft:cherry_sign":1,"aether:enchanted_dart":4,"minecraft:torch":62,"minecraft:iron_leggings":4,"minecraft:iron_axe":2,"minecraft:bucket":1,"iceandfire:dragonbone":1,"minecraft:redstone":5,"minecraft:raw_copper":5,"minecraft:iron_hoe":1,"minecraft:dirt_path":3,"minecraft:copper_ore":8,"minecraft:shield":3,"iceandfire:rotten_egg":1,"aether:chainmail_gloves":4,"irons_spellbooks:wandering_magician_leggings":4,"minecraft:iron_chestplate":3,"minecraft:mossy_stone_bricks":2,"minecraft:golden_leggings":4,"minecraft:oak_sapling":1,"minecraft:diamond_boots":3,"minecraft:stone_pickaxe":1},"minecraft:killed_by":{"irons_spellbooks:priest":1,"minecraft:vindicator":1,"minecraft:zombie":3,"minecraft:warden":1,"iceandfire:cyclops":1,"minecraft:creeper":1,"aether:valkyrie":2,"alexsmobs:elephant":1,"iceandfire:fire_dragon":3,"minecraft:player":1,"aether:slider":1,"minecraft:iron_golem":2,"minecraft:skeleton":1,"mowziesmobs:umvuthana_raptor":1},"minecraft:used":{"minecraft:spruce_slab":23,"minecraft:poppy":1,"minecraft:chest":79,"minecraft:stone":2035,"minecraft:spruce_boat":2,"minecraft:lava_bucket":18,"minecraft:villager_spawn_egg":26,"minecraft:grass_block":1,"minecraft:rabbit_stew":3,"biomesoplenty:jacaranda_sapling":7,"twilightforest:mangrove_trapdoor":68,"minecraft:bow":18,"minecraft:furnace":18,"minecraft:potato":339,"iceandfire:troll_weapon_trunk":283,"minecraft:oak_leaves":6,"minecraft:cookie":1,"elevatorid:elevator_white":14,"minecraft:blast_furnace":1,"biomesoplenty:jacaranda_planks":274,"comforts:sleeping_bag_cyan":2,"minecraft:deepslate_iron_ore":3,"minecraft:lectern":143,"minecraft:cherry_sign":2,"minecraft:diamond_sword":4318,"minecraft:white_stained_glass":9,"minecraft:oak_boat":2,"minecraft:oak_trapdoor":12,"minecraft:armor_stand":13,"minecraft:wither_skeleton_spawn_egg":2,"minecraft:torch":142,"minecraft:anvil":1,"minecraft:ancient_debris":2,"biomesoplenty:jacaranda_slab":12,"minecraft:iron_axe":741,"minecraft:spawner":12,"minecraft:glowstone":15,"minecraft:goat_horn":2,"minecraft:podzol":69,"minecraft:cobbled_deepslate":12,"minecraft:calcite":3,"minecraft:wheat_seeds":65,"minecraft:water_bucket":51,"minecraft:dirt_path":101,"minecraft:sheep_spawn_egg":16,"minecraft:leather_boots":2,"minecraft:gold_ore":2,"minecraft:crafting_table":15,"minecraft:oak_slab":7,"minecraft:white_bed":7,"minecraft:cake":1,"minecraft:spruce_log":4,"minecraft:oak_log":1,"minecraft:iron_pickaxe":4099,"minecraft:cobblestone":265,"minecraft:cooked_porkchop":1,"minecraft:iron_shovel":1233,"minecraft:oak_sign":2,"minecraft:shield":26,"minecraft:iron_sword":246,"minecraft:zombie_spawn_egg":4,"minecraft:mossy_stone_brick_slab":1,"minecraft:iron_chestplate":2,"minecraft:carrot":2,"minecraft:glass":347,"minecraft:coal_ore":9,"minecraft:lantern":6,"minecraft:iron_helmet":1,"aether:skyroot_water_bucket":15,"minecraft:stone_bricks":442,"minecraft:item_frame":2,"minecraft:bedrock":11,"minecraft:red_carpet":1,"biomesoplenty:jacaranda_fence":12,"minecraft:stone_pickaxe":131,"minecraft:oak_planks":124,"minecraft:ender_pearl":1,"minecraft:sugar_cane":69,"iceandfire:podium_spruce":1,"alexscaves:cave_book":3,"minecraft:deepslate_lapis_ore":2,"aether:blue_aercloud":2,"waystones:waystone":3,"minecraft:firework_rocket":1,"minecraft:bread":414,"minecraft:gravel":28,"minecraft:grindstone":2,"minecraft:chain":1,"minecraft:golden_pickaxe":32,"minecraft:experience_bottle":2,"minecraft:oak_fence":1,"minecraft:flint_and_steel":30,"minecraft:stone_shovel":258,"aether:cold_aercloud":3,"aether:aether_dirt":5,"minecraft:spruce_planks":480,"aether:healing_stone":1,"minecraft:deepslate_gold_ore":1,"minecraft:stone_hoe":147,"minecraft:cooked_chicken":8,"minecraft:dirt":486,"minecraft:white_carpet":63,"minecraft:hopper":19,"minecraft:spruce_stairs":2,"minecraft:stone_brick_slab":4,"minecraft:dark_oak_planks":41,"minecraft:iron_hoe":111,"minecraft:bookshelf":34,"minecraft:oak_stairs":2,"minecraft:iron_boots":3,"biomesoplenty:jacaranda_stairs":35,"alexscaves:spelunkery_table":1,"minecraft:black_stained_glass":5,"minecraft:white_stained_glass_pane":14,"minecraft:cooked_beef":15,"iceandfire:dragonbone_pickaxe":1470,"minecraft:iron_leggings":2,"minecraft:cooked_mutton":123,"biomesoplenty:jacaranda_door":6,"minecraft:baked_potato":16,"minecraft:spruce_sign":9,"minecraft:smoker":1,"minecraft:flower_pot":2,"minecraft:lapis_ore":2,"minecraft:stone_slab":136,"aether:zanite_axe":65,"minecraft:stone_axe":206,"aether:golden_parachute":9,"minecraft:red_banner":2,"minecraft:bucket":41},"minecraft:mined":{"minecraft:white_bed":2,"minecraft:black_terracotta":2,"iceandfire:copper_pile":6,"irons_spellbooks:armor_pile":1,"minecraft:obsidian":9,"minecraft:coal_block":3,"minecraft:hopper":2,"minecraft:oak_wall_sign":1,"minecraft:oxeye_daisy":1,"minecraft:spawner":24,"biomesoplenty:tall_lavender":22,"minecraft:fire":21,"minecraft:barrel":2,"biomesoplenty:lavender":373,"minecraft:deepslate_lapis_ore":40,"iceandfire:gold_pile":9,"minecraft:dirt_path":7,"minecraft:oak_stairs":2,"biomesoplenty:webbing":11,"minecraft:iron_block":1,"biomesoplenty:jacaranda_leaves":2,"biomesoplenty:jacaranda_planks":151,"minecraft:smoker":1,"minecraft:amethyst_cluster":16,"minecraft:torch":24,"minecraft:blast_furnace":1,"minecraft:white_stained_glass_pane":1,"minecraft:glass":5,"minecraft:sugar_cane":170,"minecraft:amethyst_block":1,"minecraft:chain":2,"minecraft:cyan_wool":6,"minecraft:wheat":213,"minecraft:wither_rose":1,"minecraft:grass":481,"minecraft:smooth_quartz":2,"minecraft:smooth_basalt":3,"aether:blue_aercloud":2,"minecraft:deepslate":194,"minecraft:dark_prismarine":5,"iceandfire:silver_ore":6,"minecraft:mossy_cobblestone":1,"minecraft:dark_oak_log":128,"minecraft:spruce_fence":4,"biomesoplenty:jacaranda_log":46,"minecraft:potatoes":155,"minecraft:vine":1,"biomesoplenty:jacaranda_door":2,"biomesoplenty:barley":17,"irons_spellbooks:inscription_table":1,"iceandfire:podium_spruce":1,"minecraft:oak_slab":3,"minecraft:potted_lily_of_the_valley":4,"minecraft:stone_brick_slab":4,"minecraft:dandelion":1,"minecraft:cornflower":1,"minecraft:campfire":12,"minecraft:tall_grass":50,"minecraft:copper_ore":34,"minecraft:deepslate_gold_ore":71,"minecraft:black_stained_glass":39,"minecraft:white_carpet":8,"minecraft:spruce_log":292,"minecraft:red_wall_banner":2,"iceandfire:silver_pile":11,"minecraft:sunflower":2,"minecraft:gravel":115,"minecraft:cobweb":43,"minecraft:stone_bricks":58,"minecraft:gold_ore":4,"minecraft:spruce_planks":25,"aether:cold_aercloud":4,"minecraft:farmland":3,"minecraft:mossy_stone_brick_slab":1,"minecraft:budding_amethyst":4,"minecraft:grass_block":275,"iceandfire:lectern":1,"biomesoplenty:jacaranda_stairs":31,"minecraft:glowstone":20,"minecraft:iron_ore":93,"minecraft:azure_bluet":1,"minecraft:dark_oak_stairs":1,"biomesoplenty:hanging_cobweb_strand":1,"minecraft:calcite":16,"minecraft:chest":1,"minecraft:cobblestone":48,"minecraft:oak_planks":7,"minecraft:wall_torch":17,"minecraft:seagrass":6,"minecraft:dark_oak_slab":2,"minecraft:nether_wart_block":2,"aether:aether_grass_block":1,"minecraft:tnt":1,"biomesoplenty:clover":6,"minecraft:oak_log":63,"minecraft:beetroots":1,"minecraft:sand":852,"minecraft:dirt":405,"minecraft:netherrack":2,"minecraft:ancient_debris":1,"minecraft:oak_leaves":1,"alexscaves:spelunkery_table":2,"minecraft:diamond_ore":1,"minecraft:red_carpet":1,"minecraft:tuff":11,"minecraft:deepslate_diamond_ore":46,"biomesoplenty:jacaranda_fence":12,"biomesoplenty:bush":13,"minecraft:white_stained_glass":52,"minecraft:spruce_leaves":2,"iceandfire:dragon_ice":1,"biomesoplenty:jacaranda_sapling":1,"minecraft:hay_block":126,"minecraft:oak_trapdoor":8,"minecraft:furnace":6,"minecraft:carrots":10,"minecraft:peony":5,"minecraft:bookshelf":26,"minecraft:deepslate_iron_ore":29,"biomesoplenty:spider_egg":3,"minecraft:stone":4562,"minecraft:podzol":2,"minecraft:oak_fence":4,"minecraft:crafting_table":4,"minecraft:sculk_sensor":6,"minecraft:lectern":47,"minecraft:stone_slab":13,"minecraft:lapis_ore":16,"minecraft:sculk":3,"minecraft:spruce_stairs":8,"elevatorid:elevator_white":1,"minecraft:coal_ore":209,"minecraft:cyan_carpet":5,"minecraft:mossy_stone_bricks":2},"minecraft:picked_up":{"minecraft:iron_chestplate":7,"minecraft:flower_pot":8,"minecraft:lead":3,"minecraft:stone_slab":13,"minecraft:diamond_sword":4,"minecraft:enchanted_book":2,"minecraft:oak_stairs":3,"minecraft:wither_rose":3,"minecraft:string":130,"iceandfire:dragonbone_pickaxe":6,"biomesoplenty:tall_lavender":22,"alexsmobs:emu_feather":2,"minecraft:gold_nugget":54,"minecraft:cobbled_deepslate":312,"aether:holystone_pickaxe":2,"minecraft:spruce_planks":968,"minecraft:coal_block":6,"minecraft:melon_slice":11,"minecraft:golden_helmet":11,"minecraft:acacia_log":18,"iceandfire:silver_ore":4,"aether:chainmail_gloves":4,"iceandfire:fire_dragon_heart":1,"minecraft:iron_block":2,"minecraft:glowstone":18,"minecraft:bookshelf":31,"minecraft:iron_bars":1,"biomesoplenty:lavender":397,"minecraft:feather":13,"minecraft:cooked_beef":15,"minecraft:water_bucket":1,"artifacts:thorn_pendant":1,"minecraft:smoker":1,"alexsmobs:bison_fur":2,"minecraft:flint":16,"irons_spellbooks:concentration_amulet":1,"minecraft:lantern":12,"alexscaves:guano":2,"minecraft:diamond_helmet":1,"aether:book_of_lore":3,"minecraft:glowstone_dust":29,"minecraft:moss_block":8,"iceandfire:dragon_skull_fire":1,"sophisticatedbackpacks:iron_backpack":14,"minecraft:acacia_stairs":1,"minecraft:dark_oak_log":164,"alexsmobs:animal_dictionary":2,"minecraft:barrel":5,"minecraft:iron_hoe":1,"immersive_melodies:piano":2,"minecraft:deepslate":11,"minecraft:deepslate_gold_ore":1,"aether:swet_ball":3,"minecraft:bread":846,"iceandfire:troll_leather_forest":6,"alexsmobs:maggot":7,"aether:blue_aercloud":2,"iceandfire:raw_silver":16,"iceandfire:dragon_skull_lightning":1,"minecraft:crafting_table":6,"iceandfire:witherbone":8,"minecraft:clay_ball":8,"minecraft:leather_leggings":10,"aether:aether_dirt":5,"biomesoplenty:jacaranda_sapling":13,"aether:poison_dart":4,"minecraft:cornflower":3,"minecraft:flint_and_steel":2,"minecraft:netherite_scrap":2,"minecraft:white_stained_glass":50,"minecraft:white_carpet":8,"minecraft:iron_shovel":2,"iceandfire:graveyard_soil":3,"iceandfire:bestiary":3,"minecraft:beef":22,"minecraft:cyan_wool":10,"minecraft:iron_nugget":82,"minecraft:poppy":12,"irons_spellbooks:emerald_stoneplate_ring":7,"minecraft:chest":4,"minecraft:copper_ore":8,"minecraft:black_stained_glass":28,"minecraft:sandstone":7,"minecraft:stone":3611,"sophisticatedbackpacks:backpack":10,"minecraft:amethyst_cluster":2,"minecraft:spruce_fence":8,"minecraft:cake":1,"minecraft:carrot":83,"minecraft:redstone":2,"irons_spellbooks:evocation_rune":1,"iceandfire:dragon_skull_ice":3,"minecraft:stone_shovel":13,"biomesoplenty:jacaranda_log":46,"biomesoplenty:jacaranda_stairs":47,"minecraft:beetroot_seeds":2,"minecraft:peony":5,"minecraft:diamond_boots":10,"minecraft:hay_block":126,"minecraft:gold_ingot":11,"sophisticatedbackpacks:copper_backpack":10,"minecraft:mutton":12,"minecraft:white_wool":13,"minecraft:oxeye_daisy":1,"minecraft:lapis_ore":3,"minecraft:tripwire_hook":2,"minecraft:red_mushroom":7,"irons_spellbooks:silver_ring":1,"minecraft:oak_log":66,"minecraft:ancient_debris":1,"alexsmobs:mosquito_proboscis":2,"minecraft:paper":20,"minecraft:spawner":1,"minecraft:apple":2,"minecraft:stone_bricks":54,"minecraft:stone_pickaxe":2,"minecraft:iron_ore":6,"minecraft:cobweb":2,"minecraft:iron_sword":7,"minecraft:dark_oak_stairs":2,"elevatorid:elevator_white":1,"iceandfire:copper_nugget":126,"minecraft:dark_oak_slab":3,"aether:enchanted_dart":8,"minecraft:gravel":95,"minecraft:birch_stairs":2,"minecraft:spruce_sapling":69,"minecraft:spruce_log":613,"minecraft:leather_helmet":6,"iceandfire:dragon_flute":1,"minecraft:firework_rocket":1,"minecraft:coal_ore":27,"minecraft:purple_glazed_terracotta":3,"minecraft:stone_axe":8,"iceandfire:ice_dragon_flesh":12,"minecraft:baked_potato":11,"minecraft:hopper":2,"minecraft:ender_pearl":3,"irons_spellbooks:scroll":8,"minecraft:wheat":206,"iceandfire:troll_weapon_hammer":1,"irons_spellbooks:wandering_magician_leggings":3,"aether:iron_gloves":2,"minecraft:raw_copper":213,"minecraft:deepslate_lapis_ore":2,"minecraft:smooth_stone_slab":2,"minecraft:iron_leggings":8,"minecraft:armor_stand":40,"minecraft:experience_bottle":3,"minecraft:oak_sign":3,"minecraft:sea_pickle":1,"irons_spellbooks:arcane_essence":35,"alexsmobs:blood_sac":2,"minecraft:bucket":11,"minecraft:calcite":11,"minecraft:iron_pickaxe":14,"irons_spellbooks:inscription_table":1,"minecraft:deepslate_iron_ore":3,"minecraft:iron_boots":14,"minecraft:furnace":8,"iceandfire:pixie_dust":1,"minecraft:stick":134,"minecraft:oak_fence":2,"minecraft:torch":111,"iceandfire:dragonscales_white":74,"minecraft:spruce_stairs":11,"minecraft:porkchop":16,"iceandfire:rotten_egg":1,"minecraft:dirt_path":2,"aether:white_moa_egg":3,"minecraft:rotten_flesh":476,"aether:golden_pendant":2,"alexsmobs:emu_egg":3,"minecraft:obsidian":13,"minecraft:cod":15,"minecraft:cobblestone":1103,"minecraft:leather_chestplate":3,"minecraft:lilac":1,"minecraft:golden_leggings":8,"minecraft:potato":527,"alexsmobs:bear_fur":1,"alexscaves:cave_book":3,"minecraft:tuff":7,"minecraft:wither_skeleton_skull":1,"minecraft:lapis_lazuli":631,"minecraft:dirt":888,"minecraft:name_tag":1,"minecraft:leather_boots":6,"minecraft:glass":3,"minecraft:bone":154,"minecraft:acacia_planks":5,"minecraft:bow":1,"minecraft:wheat_seeds":1050,"minecraft:raw_gold":153,"aether:cold_aercloud":4,"minecraft:mossy_stone_bricks":4,"minecraft:oak_planks":433,"minecraft:stone_hoe":3,"minecraft:black_terracotta":2,"irons_spellbooks:fireward_ring":11,"minecraft:cooked_porkchop":1,"minecraft:music_disc_13":5,"iceandfire:podium_spruce":1,"minecraft:poisonous_potato":2,"minecraft:sand":834,"comforts:sleeping_bag_cyan":8,"minecraft:dead_bush":2,"minecraft:grass_block":1,"minecraft:lily_of_the_valley":4,"minecraft:dark_prismarine":5,"aether:healing_stone":1,"minecraft:diamond":108,"waystones:waystone":2,"iceandfire:dragon_ice":3,"minecraft:crossbow":1,"minecraft:bone_meal":1,"minecraft:golden_apple":1,"minecraft:emerald":25,"minecraft:oak_sapling":3,"irons_spellbooks:uncommon_ink":2,"minecraft:netherrack":2,"iceandfire:silver_nugget":184,"minecraft:charcoal":42,"minecraft:allium":2,"minecraft:azure_bluet":1,"minecraft:rabbit_stew":5,"minecraft:brown_mushroom":5,"minecraft:chain":3,"minecraft:shield":13,"minecraft:oak_trapdoor":5,"biomesoplenty:jacaranda_fence":60,"minecraft:moss_carpet":2,"minecraft:iron_axe":6,"minecraft:item_frame":7,"minecraft:cyan_carpet":7,"minecraft:oak_boat":3,"immersive_melodies:trumpet":11,"minecraft:player_head":3,"minecraft:lectern":47,"minecraft:sugar_cane":384,"iceandfire:ice_dragon_heart":1,"minecraft:dark_oak_sapling":20,"minecraft:raw_iron":199,"iceandfire:dragonbone":75,"iceandfire:dragonscales_green":15,"iceandfire:troll_tusk":1,"aether:golden_parachute":1,"minecraft:stone_button":5,"minecraft:cookie":1,"minecraft:dark_oak_planks":98,"minecraft:arrow":233,"iceandfire:cyclops_eye":3,"minecraft:jungle_stairs":1,"alexscaves:spelunkery_table":3,"artifacts:running_shoes":1,"irons_spellbooks:wandering_magician_helmet":4,"iceandfire:troll_weapon_trunk":12,"minecraft:skeleton_skull":3,"artifacts:digging_claws":3,"minecraft:glow_ink_sac":3,"minecraft:leather":43,"minecraft:birch_planks":1,"biomesoplenty:jacaranda_door":5,"minecraft:chainmail_chestplate":1,"minecraft:yellow_glazed_terracotta":1,"iceandfire:ectoplasm":1,"biomesoplenty:jacaranda_planks":166,"minecraft:gunpowder":23,"minecraft:cooked_mutton":5,"minecraft:red_carpet":1,"iceandfire:dragon_stick":1,"minecraft:spruce_wood":1,"minecraft:iron_ingot":193,"minecraft:cooked_chicken":11,"aether:victory_medal":1,"irons_spellbooks:cinder_essence":2,"iceandfire:fire_dragon_flesh":4,"minecraft:book":99,"minecraft:oak_slab":51,"iceandfire:dragon_horn":1,"minecraft:stone_brick_slab":3,"minecraft:dandelion":1,"minecraft:amethyst_shard":36,"minecraft:red_banner":2,"minecraft:blast_furnace":1,"minecraft:white_bed":2,"minecraft:gold_ore":2,"artifacts:scarf_of_invisibility":3,"minecraft:mossy_stone_brick_slab":1,"minecraft:spider_eye":32,"alexsmobs:raw_catfish":2,"minecraft:pumpkin_seeds":3,"minecraft:chainmail_leggings":8,"minecraft:iron_helmet":7,"minecraft:black_wool":1,"minecraft:coal":349,"minecraft:sunflower":2},"minecraft:custom":{"minecraft:interact_with_crafting_table":154,"minecraft:open_barrel":102,"minecraft:bell_ring":66,"minecraft:eat_cake_slice":11,"minecraft:leave_game":18,"minecraft:time_since_death":66937,"minecraft:damage_blocked_by_shield":820,"minecraft:play_time":1566856,"minecraft:deaths":31,"minecraft:jump":25445,"minecraft:enchant_item":33,"minecraft:interact_with_furnace":78,"minecraft:traded_with_villager":148,"minecraft:sleep_in_bed":23,"minecraft:waystone_activated":7,"minecraft:damage_dealt":363859,"minecraft:interact_with_smoker":21,"minecraft:interact_with_smithing_table":3,"minecraft:interact_with_anvil":24,"minecraft:inspect_hopper":63,"minecraft:damage_dealt_absorbed":827,"minecraft:sneak_time":29485,"minecraft:interact_with_lectern":3,"minecraft:interact_with_blast_furnace":45,"minecraft:total_world_time":1566856,"minecraft:time_since_rest":25445,"minecraft:swim_one_cm":336665,"minecraft:fly_one_cm":6062352,"minecraft:open_chest":677,"minecraft:fall_one_cm":862669,"minecraft:animals_bred":7,"minecraft:sprint_one_cm":3832517,"minecraft:drop":594,"minecraft:talked_to_villager":284,"minecraft:interact_with_brewingstand":2,"minecraft:walk_on_water_one_cm":285151,"minecraft:interact_with_loom":9,"minecraft:player_kills":4,"minecraft:crouch_one_cm":67596,"minecraft:mob_kills":2284,"minecraft:damage_dealt_resisted":4666,"minecraft:climb_one_cm":16539,"minecraft:walk_one_cm":3102525,"minecraft:walk_under_water_one_cm":186423,"minecraft:boat_one_cm":234627,"minecraft:pot_flower":2,"minecraft:interact_with_grindstone":27,"minecraft:damage_taken":44543,"minecraft:damage_absorbed":1,"minecraft:trigger_trapped_chest":2}},"DataVersion":3465}