{"stats":{"minecraft:crafted":{"minecraft:oak_sign":3,"minecraft:bookshelf":42,"sophisticatedbackpacks:copper_backpack":1,"biomesoplenty:jacaranda_stairs":12,"minecraft:emerald":37,"minecraft:golden_pickaxe":1,"minecraft:stone_slab":12,"minecraft:iron_pickaxe":2,"minecraft:gold_ingot":7,"iceandfire:dragon_horn":1,"minecraft:rabbit_stew":6,"minecraft:stone_shovel":5,"irons_spellbooks:wandering_magician_leggings":2,"iceandfire:dragon_flute":1,"minecraft:stone_pickaxe":1,"biomesoplenty:jacaranda_door":3,"minecraft:spruce_boat":2,"minecraft:dark_oak_planks":136,"minecraft:wheat":1089,"sophisticatedbackpacks:gold_backpack":1,"minecraft:glowstone":1,"minecraft:iron_shovel":1,"minecraft:iron_leggings":4,"irons_spellbooks:wandering_magician_helmet":2,"minecraft:oak_planks":236,"minecraft:hopper":1,"minecraft:iron_boots":2,"minecraft:chest":76,"minecraft:stone_hoe":2,"minecraft:stone_bricks":300,"minecraft:oak_slab":18,"biomesoplenty:jacaranda_planks":184,"minecraft:crafting_table":9,"minecraft:spruce_planks":1292,"minecraft:iron_helmet":4,"biomesoplenty:jacaranda_slab":6,"biomesoplenty:jacaranda_fence":12,"minecraft:iron_chestplate":4,"minecraft:shield":2,"sophisticatedbackpacks:diamond_backpack":1,"minecraft:stick":152,"minecraft:iron_ingot":89,"iceandfire:dragon_stick":1,"minecraft:furnace":2,"minecraft:iron_axe":3,"comforts:sleeping_bag_cyan":2,"sophisticatedbackpacks:iron_backpack":1,"minecraft:diamond_sword":1,"elevatorid:elevator_white":4,"minecraft:spruce_sign":45,"minecraft:bucket":2,"minecraft:stone_axe":3,"iceandfire:dragonbone_pickaxe":1,"minecraft:bread":425,"minecraft:air":0,"minecraft:oak_boat":3,"irons_spellbooks:wandering_magician_chestplate":2,"minecraft:acacia_planks":60},"minecraft:custom":{"minecraft:interact_with_crafting_table":118,"minecraft:open_barrel":100,"minecraft:bell_ring":51,"minecraft:eat_cake_slice":11,"minecraft:leave_game":16,"minecraft:time_since_death":54320,"minecraft:damage_blocked_by_shield":820,"minecraft:play_time":1027291,"minecraft:deaths":29,"minecraft:jump":19178,"minecraft:enchant_item":4,"minecraft:interact_with_furnace":32,"minecraft:traded_with_villager":55,"minecraft:sleep_in_bed":13,"minecraft:waystone_activated":6,"minecraft:damage_dealt":128488,"minecraft:interact_with_smoker":9,"minecraft:interact_with_smithing_table":2,"minecraft:interact_with_anvil":7,"minecraft:inspect_hopper":34,"minecraft:damage_dealt_absorbed":509,"minecraft:sneak_time":24044,"minecraft:interact_with_lectern":3,"minecraft:interact_with_blast_furnace":8,"minecraft:total_world_time":1027291,"minecraft:time_since_rest":54356,"minecraft:swim_one_cm":163733,"minecraft:fly_one_cm":4761278,"minecraft:open_chest":509,"minecraft:fall_one_cm":684513,"minecraft:sprint_one_cm":2436069,"minecraft:drop":449,"minecraft:talked_to_villager":53,"minecraft:interact_with_brewingstand":2,"minecraft:walk_on_water_one_cm":175766,"minecraft:interact_with_loom":8,"minecraft:player_kills":4,"minecraft:crouch_one_cm":60045,"minecraft:mob_kills":758,"minecraft:damage_dealt_resisted":4213,"minecraft:climb_one_cm":12249,"minecraft:walk_one_cm":2073833,"minecraft:walk_under_water_one_cm":69448,"minecraft:boat_one_cm":234627,"minecraft:pot_flower":2,"minecraft:interact_with_grindstone":2,"minecraft:damage_taken":39353,"minecraft:damage_absorbed":1,"minecraft:trigger_trapped_chest":2},"minecraft:killed":{"minecraft:cave_spider":4,"minecraft:skeleton":70,"alexsmobs:centipede_head":1,"minecraft:cat":2,"minecraft:iron_golem":5,"iceandfire:cockatrice":1,"minecraft:pillager":2,"minecraft:zombie":496,"minecraft:cow":9,"aether:mimic":6,"alexsmobs:raccoon":5,"aether:golden_swet":2,"alexscaves:vesper":1,"minecraft:husk":3,"iceandfire:cyclops":1,"irons_spellbooks:citadel_keeper":1,"alexsmobs:rhinoceros":1,"iceandfire:ghost":8,"iceandfire:ice_dragon":1,"minecraft:enderman":4,"minecraft:zombified_piglin":1,"minecraft:witch":3,"aether:sentry":1,"minecraft:spider":24,"minecraft:silverfish":6,"irons_spellbooks:summoned_skeleton":6,"artifacts:mimic":2,"minecraft:piglin":2,"minecraft:pig":1,"alexsmobs:grizzly_bear":4,"minecraft:zombie_villager":2,"irons_spellbooks:necromancer":6,"aether:aerwhale":2,"minecraft:creeper":4,"aether:phyg":1,"alexsmobs:crimson_mosquito":4,"minecraft:sheep":2,"alexsmobs:terrapin":2,"irons_spellbooks:summoned_zombie":11,"alexsmobs:tasmanian_devil":1,"iceandfire:fire_dragon":1,"alexsmobs:bison":1,"minecraft:drowned":2,"iceandfire:troll":3,"mowziesmobs:umvuthana_follower_raptor":1,"minecraft:hoglin":2,"alexsmobs:emu":1,"alexsmobs:cockroach":1,"alexsmobs:crow":1,"minecraft:wither_skeleton":8,"minecraft:villager":1},"minecraft:broken":{"minecraft:iron_boots":1,"minecraft:iron_chestplate":1,"minecraft:iron_sword":1,"aether:golden_parachute":1,"aether:zanite_ring":1,"minecraft:iron_axe":1,"minecraft:iron_helmet":3,"minecraft:stone_pickaxe":1,"minecraft:stone_axe":1,"minecraft:stone_shovel":1,"minecraft:golden_pickaxe":1},"minecraft:mined":{"minecraft:white_bed":2,"minecraft:black_terracotta":2,"iceandfire:copper_pile":6,"irons_spellbooks:armor_pile":1,"minecraft:obsidian":5,"minecraft:coal_block":3,"minecraft:hopper":1,"minecraft:oak_wall_sign":1,"minecraft:oxeye_daisy":1,"minecraft:spawner":22,"biomesoplenty:tall_lavender":14,"minecraft:fire":21,"minecraft:barrel":2,"biomesoplenty:lavender":296,"minecraft:deepslate_lapis_ore":17,"iceandfire:gold_pile":9,"minecraft:dirt_path":7,"minecraft:oak_stairs":2,"minecraft:iron_block":1,"biomesoplenty:jacaranda_leaves":2,"biomesoplenty:jacaranda_planks":151,"minecraft:smoker":1,"minecraft:torch":2,"minecraft:blast_furnace":1,"minecraft:white_stained_glass_pane":1,"minecraft:glass":1,"minecraft:sugar_cane":57,"minecraft:chain":2,"minecraft:cyan_wool":6,"minecraft:wheat":211,"minecraft:wither_rose":1,"minecraft:grass":371,"minecraft:smooth_quartz":2,"aether:blue_aercloud":2,"minecraft:deepslate":60,"minecraft:dark_prismarine":5,"iceandfire:silver_ore":4,"minecraft:mossy_cobblestone":1,"minecraft:dark_oak_log":94,"minecraft:spruce_fence":4,"biomesoplenty:jacaranda_log":46,"minecraft:potatoes":2,"minecraft:vine":1,"biomesoplenty:jacaranda_door":2,"biomesoplenty:barley":16,"irons_spellbooks:inscription_table":1,"iceandfire:podium_spruce":1,"minecraft:oak_slab":3,"minecraft:potted_lily_of_the_valley":4,"minecraft:stone_brick_slab":2,"minecraft:campfire":12,"minecraft:tall_grass":41,"minecraft:copper_ore":12,"minecraft:deepslate_gold_ore":11,"minecraft:black_stained_glass":39,"minecraft:white_carpet":7,"minecraft:spruce_log":218,"minecraft:red_wall_banner":2,"iceandfire:silver_pile":11,"minecraft:gravel":10,"minecraft:cobweb":14,"minecraft:stone_bricks":51,"minecraft:gold_ore":2,"minecraft:spruce_planks":21,"aether:cold_aercloud":4,"minecraft:farmland":3,"minecraft:mossy_stone_brick_slab":1,"minecraft:grass_block":257,"biomesoplenty:jacaranda_stairs":31,"minecraft:glowstone":20,"minecraft:iron_ore":56,"minecraft:dark_oak_stairs":1,"minecraft:chest":1,"minecraft:cobblestone":28,"minecraft:oak_planks":7,"minecraft:wall_torch":6,"minecraft:seagrass":4,"minecraft:dark_oak_slab":2,"minecraft:nether_wart_block":2,"aether:aether_grass_block":1,"minecraft:tnt":1,"biomesoplenty:clover":6,"minecraft:oak_log":63,"minecraft:beetroots":1,"minecraft:dirt":301,"minecraft:netherrack":2,"minecraft:ancient_debris":1,"minecraft:oak_leaves":1,"alexscaves:spelunkery_table":2,"minecraft:diamond_ore":1,"minecraft:red_carpet":1,"minecraft:tuff":10,"minecraft:deepslate_diamond_ore":29,"biomesoplenty:jacaranda_fence":12,"biomesoplenty:bush":12,"minecraft:white_stained_glass":52,"minecraft:spruce_leaves":2,"iceandfire:dragon_ice":1,"biomesoplenty:jacaranda_sapling":1,"minecraft:hay_block":121,"minecraft:oak_trapdoor":8,"minecraft:furnace":4,"minecraft:carrots":10,"minecraft:peony":4,"minecraft:bookshelf":26,"minecraft:deepslate_iron_ore":7,"biomesoplenty:spider_egg":2,"minecraft:stone":2142,"minecraft:oak_fence":3,"minecraft:crafting_table":4,"minecraft:lectern":5,"minecraft:stone_slab":9,"minecraft:lapis_ore":15,"minecraft:spruce_stairs":8,"elevatorid:elevator_white":1,"minecraft:coal_ore":159,"minecraft:cyan_carpet":5,"minecraft:mossy_stone_bricks":2},"minecraft:killed_by":{"irons_spellbooks:priest":1,"minecraft:vindicator":1,"minecraft:zombie":3,"iceandfire:cyclops":1,"minecraft:creeper":1,"aether:valkyrie":1,"alexsmobs:elephant":1,"iceandfire:fire_dragon":3,"minecraft:player":1,"aether:slider":1,"minecraft:iron_golem":2,"minecraft:skeleton":1,"mowziesmobs:umvuthana_raptor":1},"minecraft:dropped":{"sophisticatedbackpacks:iron_backpack":2,"minecraft:iron_sword":5,"minecraft:porkchop":9,"irons_spellbooks:rare_ink":1,"minecraft:glow_ink_sac":3,"irons_spellbooks:fireward_ring":2,"aether:swet_ball":1,"comforts:sleeping_bag_cyan":3,"iceandfire:ectoplasm":1,"minecraft:leather_helmet":2,"minecraft:red_mushroom":7,"minecraft:dirt":28,"irons_spellbooks:silver_ring":1,"immersive_melodies:piano":2,"minecraft:chain":1,"minecraft:gold_nugget":4,"minecraft:sand":9,"minecraft:iron_pickaxe":4,"minecraft:dark_oak_planks":15,"minecraft:white_wool":5,"minecraft:cyan_carpet":5,"iceandfire:dragonbone_pickaxe":1,"minecraft:bone":52,"minecraft:stone_axe":1,"minecraft:iron_nugget":18,"minecraft:cooked_chicken":3,"minecraft:wheat":2,"minecraft:obsidian":1,"minecraft:rotten_flesh":36,"minecraft:oak_planks":45,"minecraft:glowstone_dust":17,"minecraft:coal_ore":8,"minecraft:charcoal":1,"minecraft:leather_boots":2,"minecraft:leather_leggings":2,"minecraft:glass":1,"minecraft:beef":6,"biomesoplenty:jacaranda_stairs":8,"biomesoplenty:tall_lavender":3,"iceandfire:manuscript":1,"alexsmobs:mosquito_proboscis":1,"minecraft:enchanted_book":2,"minecraft:iron_ingot":61,"minecraft:wheat_seeds":413,"biomesoplenty:lavender":81,"minecraft:book":1,"minecraft:feather":4,"minecraft:iron_helmet":1,"minecraft:cobblestone":4,"biomesoplenty:jacaranda_planks":11,"aether:holystone_pickaxe":2,"iceandfire:copper_nugget":42,"minecraft:diamond_helmet":1,"biomesoplenty:jacaranda_door":2,"irons_spellbooks:wandering_magician_chestplate":1,"minecraft:chainmail_leggings":6,"minecraft:iron_shovel":1,"minecraft:paper":19,"minecraft:string":28,"minecraft:acacia_planks":3,"minecraft:spruce_sapling":21,"iceandfire:silver_nugget":10,"alexscaves:guano":1,"minecraft:moss_carpet":1,"minecraft:player_head":2,"iceandfire:troll_weapon_trunk":3,"minecraft:stone_shovel":3,"minecraft:white_carpet":6,"minecraft:clay_ball":4,"minecraft:iron_boots":9,"sophisticatedbackpacks:backpack":1,"minecraft:name_tag":1,"minecraft:spruce_fence":1,"minecraft:oak_sign":1,"minecraft:pumpkin_seeds":3,"minecraft:lily_of_the_valley":2,"iceandfire:dragon_ice":2,"minecraft:diamond_sword":3,"minecraft:potato":2,"minecraft:cyan_wool":2,"minecraft:stone":1,"minecraft:flower_pot":2,"minecraft:allium":1,"minecraft:peony":2,"minecraft:spruce_planks":75,"minecraft:spider_eye":4,"minecraft:stone_bricks":1,"minecraft:barrel":3,"minecraft:rabbit_stew":1,"sophisticatedbackpacks:copper_backpack":10,"minecraft:moss_block":4,"minecraft:brown_mushroom":1,"irons_spellbooks:concentration_amulet":2,"minecraft:baked_potato":6,"minecraft:purple_glazed_terracotta":1,"minecraft:dark_oak_sapling":2,"minecraft:lantern":3,"minecraft:leather":13,"alexsmobs:bison_fur":2,"iceandfire:graveyard_soil":3,"minecraft:cod":17,"minecraft:flint":4,"minecraft:music_disc_13":1,"minecraft:netherite_scrap":1,"aether:iron_pendant":1,"minecraft:mutton":3,"minecraft:armor_stand":9,"minecraft:gravel":2,"biomesoplenty:jacaranda_slab":2,"minecraft:cooked_mutton":2,"minecraft:acacia_stairs":1,"minecraft:carrot":17,"minecraft:chainmail_chestplate":1,"minecraft:poppy":4,"irons_spellbooks:wandering_magician_helmet":3,"minecraft:gunpowder":2,"minecraft:skeleton_skull":2,"minecraft:beetroot_seeds":2,"minecraft:arrow":88,"aether:healing_stone":1,"artifacts:scarf_of_invisibility":1,"minecraft:spawner":1,"minecraft:stone_hoe":1,"minecraft:water_bucket":1,"minecraft:bread":465,"biomesoplenty:jacaranda_sapling":4,"minecraft:golden_helmet":7,"minecraft:bookshelf":7,"aether:golden_pendant":3,"minecraft:lead":2,"alexscaves:spelunkery_table":1,"minecraft:spruce_stairs":1,"minecraft:stick":52,"aether:poison_dart":4,"aether:enchanted_dart":4,"minecraft:torch":11,"minecraft:iron_leggings":3,"minecraft:iron_axe":2,"minecraft:bucket":1,"iceandfire:dragonbone":1,"minecraft:redstone":2,"minecraft:raw_copper":5,"minecraft:dirt_path":3,"minecraft:copper_ore":8,"minecraft:shield":3,"iceandfire:rotten_egg":1,"aether:chainmail_gloves":4,"irons_spellbooks:wandering_magician_leggings":4,"minecraft:iron_chestplate":2,"minecraft:mossy_stone_bricks":2,"minecraft:golden_leggings":4,"minecraft:oak_sapling":1,"minecraft:diamond_boots":3,"minecraft:stone_pickaxe":1},"minecraft:used":{"minecraft:poppy":1,"minecraft:chest":79,"minecraft:stone":1510,"minecraft:spruce_boat":2,"minecraft:lava_bucket":18,"minecraft:villager_spawn_egg":23,"minecraft:grass_block":1,"minecraft:rabbit_stew":3,"biomesoplenty:jacaranda_sapling":7,"twilightforest:mangrove_trapdoor":68,"minecraft:furnace":4,"iceandfire:troll_weapon_trunk":283,"minecraft:oak_leaves":6,"minecraft:cookie":1,"elevatorid:elevator_white":9,"minecraft:blast_furnace":1,"biomesoplenty:jacaranda_planks":274,"comforts:sleeping_bag_cyan":2,"minecraft:lectern":6,"minecraft:cherry_sign":2,"minecraft:diamond_sword":1131,"minecraft:white_stained_glass":9,"minecraft:oak_boat":2,"minecraft:oak_trapdoor":12,"minecraft:armor_stand":13,"minecraft:wither_skeleton_spawn_egg":2,"minecraft:torch":60,"minecraft:anvil":1,"minecraft:ancient_debris":2,"biomesoplenty:jacaranda_slab":12,"minecraft:iron_axe":571,"minecraft:spawner":12,"minecraft:glowstone":15,"minecraft:goat_horn":2,"minecraft:podzol":69,"minecraft:cobbled_deepslate":12,"minecraft:wheat_seeds":65,"minecraft:water_bucket":22,"minecraft:dirt_path":101,"minecraft:gold_ore":1,"minecraft:crafting_table":14,"minecraft:oak_slab":7,"minecraft:white_bed":2,"minecraft:cake":1,"minecraft:spruce_log":4,"minecraft:oak_log":1,"minecraft:iron_pickaxe":2207,"minecraft:cobblestone":146,"minecraft:iron_shovel":233,"minecraft:oak_sign":2,"minecraft:shield":26,"minecraft:iron_sword":246,"minecraft:zombie_spawn_egg":4,"minecraft:mossy_stone_brick_slab":1,"minecraft:iron_chestplate":2,"minecraft:carrot":2,"minecraft:glass":8,"minecraft:coal_ore":9,"minecraft:lantern":6,"minecraft:iron_helmet":1,"aether:skyroot_water_bucket":15,"minecraft:stone_bricks":359,"minecraft:item_frame":2,"minecraft:bedrock":11,"minecraft:red_carpet":1,"biomesoplenty:jacaranda_fence":12,"minecraft:stone_pickaxe":131,"minecraft:oak_planks":124,"minecraft:ender_pearl":1,"minecraft:sugar_cane":63,"iceandfire:podium_spruce":1,"alexscaves:cave_book":3,"aether:blue_aercloud":2,"minecraft:firework_rocket":1,"minecraft:bread":311,"minecraft:grindstone":2,"minecraft:chain":1,"minecraft:golden_pickaxe":32,"minecraft:experience_bottle":2,"minecraft:flint_and_steel":30,"minecraft:stone_shovel":258,"aether:cold_aercloud":3,"aether:aether_dirt":5,"minecraft:spruce_planks":450,"aether:healing_stone":1,"minecraft:stone_hoe":147,"minecraft:cooked_chicken":1,"minecraft:dirt":426,"minecraft:white_carpet":62,"minecraft:hopper":18,"minecraft:spruce_stairs":2,"minecraft:dark_oak_planks":41,"minecraft:bookshelf":34,"minecraft:oak_stairs":2,"minecraft:iron_boots":1,"biomesoplenty:jacaranda_stairs":35,"alexscaves:spelunkery_table":1,"minecraft:black_stained_glass":5,"minecraft:white_stained_glass_pane":14,"minecraft:cooked_beef":8,"iceandfire:dragonbone_pickaxe":461,"minecraft:iron_leggings":1,"minecraft:cooked_mutton":111,"biomesoplenty:jacaranda_door":4,"minecraft:spruce_sign":9,"minecraft:smoker":1,"minecraft:flower_pot":2,"minecraft:lapis_ore":2,"minecraft:stone_slab":136,"aether:zanite_axe":65,"minecraft:stone_axe":206,"aether:golden_parachute":9,"minecraft:red_banner":2,"minecraft:bucket":41},"minecraft:picked_up":{"minecraft:iron_chestplate":7,"minecraft:flower_pot":8,"minecraft:lead":3,"minecraft:stone_slab":9,"minecraft:diamond_sword":3,"minecraft:enchanted_book":2,"minecraft:oak_stairs":3,"minecraft:wither_rose":3,"minecraft:string":43,"iceandfire:dragonbone_pickaxe":6,"biomesoplenty:tall_lavender":12,"alexsmobs:emu_feather":2,"minecraft:gold_nugget":54,"minecraft:cobbled_deepslate":34,"aether:holystone_pickaxe":2,"minecraft:spruce_planks":964,"minecraft:coal_block":6,"minecraft:melon_slice":11,"minecraft:golden_helmet":11,"minecraft:acacia_log":18,"iceandfire:silver_ore":4,"aether:chainmail_gloves":4,"iceandfire:fire_dragon_heart":1,"minecraft:iron_block":2,"minecraft:glowstone":18,"minecraft:bookshelf":31,"minecraft:iron_bars":1,"biomesoplenty:lavender":291,"minecraft:feather":6,"minecraft:cooked_beef":15,"minecraft:water_bucket":1,"artifacts:thorn_pendant":1,"minecraft:smoker":1,"alexsmobs:bison_fur":2,"minecraft:flint":5,"irons_spellbooks:concentration_amulet":1,"minecraft:lantern":12,"alexscaves:guano":2,"minecraft:diamond_helmet":1,"aether:book_of_lore":3,"minecraft:glowstone_dust":29,"minecraft:moss_block":8,"iceandfire:dragon_skull_fire":1,"sophisticatedbackpacks:iron_backpack":11,"minecraft:acacia_stairs":1,"minecraft:dark_oak_log":132,"alexsmobs:animal_dictionary":2,"minecraft:barrel":5,"immersive_melodies:piano":2,"aether:swet_ball":3,"minecraft:bread":846,"aether:blue_aercloud":2,"iceandfire:dragon_skull_lightning":1,"minecraft:crafting_table":6,"iceandfire:witherbone":8,"minecraft:clay_ball":8,"minecraft:leather_leggings":10,"aether:aether_dirt":5,"biomesoplenty:jacaranda_sapling":13,"aether:poison_dart":4,"minecraft:flint_and_steel":2,"minecraft:netherite_scrap":2,"minecraft:white_carpet":7,"minecraft:white_stained_glass":50,"minecraft:iron_shovel":1,"iceandfire:graveyard_soil":3,"iceandfire:bestiary":2,"minecraft:beef":22,"minecraft:cyan_wool":10,"minecraft:iron_nugget":82,"minecraft:poppy":8,"irons_spellbooks:emerald_stoneplate_ring":7,"minecraft:chest":4,"minecraft:copper_ore":8,"minecraft:black_stained_glass":28,"minecraft:sandstone":7,"minecraft:stone":1805,"sophisticatedbackpacks:backpack":4,"minecraft:spruce_fence":6,"minecraft:cake":1,"minecraft:carrot":81,"minecraft:redstone":2,"iceandfire:dragon_skull_ice":3,"irons_spellbooks:evocation_rune":1,"minecraft:stone_shovel":13,"biomesoplenty:jacaranda_log":46,"biomesoplenty:jacaranda_stairs":47,"minecraft:beetroot_seeds":2,"minecraft:peony":4,"minecraft:diamond_boots":10,"minecraft:hay_block":121,"minecraft:gold_ingot":11,"sophisticatedbackpacks:copper_backpack":9,"minecraft:mutton":9,"minecraft:white_wool":12,"minecraft:oxeye_daisy":1,"minecraft:lapis_ore":3,"minecraft:tripwire_hook":2,"minecraft:red_mushroom":7,"irons_spellbooks:silver_ring":1,"minecraft:oak_log":66,"minecraft:ancient_debris":1,"alexsmobs:mosquito_proboscis":2,"minecraft:paper":20,"minecraft:spawner":1,"minecraft:apple":1,"minecraft:stone_bricks":48,"minecraft:stone_pickaxe":2,"minecraft:cobweb":2,"minecraft:iron_sword":7,"minecraft:dark_oak_stairs":2,"elevatorid:elevator_white":1,"iceandfire:copper_nugget":126,"minecraft:dark_oak_slab":3,"aether:enchanted_dart":8,"minecraft:gravel":2,"minecraft:birch_stairs":2,"minecraft:spruce_sapling":60,"minecraft:spruce_log":539,"minecraft:leather_helmet":6,"iceandfire:dragon_flute":1,"minecraft:firework_rocket":1,"minecraft:coal_ore":26,"minecraft:purple_glazed_terracotta":3,"minecraft:stone_axe":8,"iceandfire:ice_dragon_flesh":12,"minecraft:baked_potato":10,"minecraft:hopper":1,"minecraft:ender_pearl":3,"irons_spellbooks:scroll":7,"minecraft:wheat":204,"irons_spellbooks:wandering_magician_leggings":3,"aether:iron_gloves":2,"minecraft:raw_copper":5,"minecraft:smooth_stone_slab":2,"minecraft:iron_leggings":8,"minecraft:armor_stand":40,"minecraft:experience_bottle":3,"minecraft:oak_sign":3,"minecraft:sea_pickle":1,"irons_spellbooks:arcane_essence":35,"alexsmobs:blood_sac":2,"minecraft:bucket":11,"minecraft:iron_pickaxe":14,"irons_spellbooks:inscription_table":1,"minecraft:iron_boots":14,"minecraft:furnace":6,"iceandfire:pixie_dust":1,"minecraft:stick":125,"minecraft:oak_fence":1,"minecraft:torch":30,"iceandfire:dragonscales_white":74,"minecraft:spruce_stairs":9,"minecraft:porkchop":16,"iceandfire:rotten_egg":1,"minecraft:dirt_path":2,"aether:white_moa_egg":3,"minecraft:rotten_flesh":265,"aether:golden_pendant":2,"alexsmobs:emu_egg":3,"minecraft:obsidian":9,"minecraft:cod":15,"minecraft:cobblestone":444,"minecraft:leather_chestplate":3,"minecraft:lilac":1,"minecraft:golden_leggings":8,"minecraft:potato":6,"alexsmobs:bear_fur":1,"alexscaves:cave_book":3,"minecraft:tuff":7,"minecraft:wither_skeleton_skull":1,"minecraft:lapis_lazuli":348,"minecraft:dirt":749,"minecraft:name_tag":1,"minecraft:leather_boots":2,"minecraft:bone":116,"minecraft:acacia_planks":5,"minecraft:wheat_seeds":1031,"minecraft:raw_gold":26,"aether:cold_aercloud":4,"minecraft:mossy_stone_bricks":4,"minecraft:oak_planks":433,"minecraft:stone_hoe":3,"minecraft:black_terracotta":2,"irons_spellbooks:fireward_ring":11,"minecraft:music_disc_13":5,"iceandfire:podium_spruce":1,"minecraft:sand":18,"comforts:sleeping_bag_cyan":8,"minecraft:grass_block":1,"minecraft:lily_of_the_valley":4,"minecraft:dark_prismarine":5,"aether:healing_stone":1,"minecraft:diamond":67,"iceandfire:dragon_ice":3,"minecraft:crossbow":1,"minecraft:golden_apple":1,"minecraft:emerald":25,"minecraft:oak_sapling":3,"irons_spellbooks:uncommon_ink":2,"minecraft:netherrack":2,"iceandfire:silver_nugget":184,"minecraft:charcoal":33,"minecraft:allium":2,"minecraft:rabbit_stew":5,"minecraft:brown_mushroom":1,"minecraft:chain":3,"minecraft:shield":13,"minecraft:iron_axe":6,"minecraft:oak_trapdoor":5,"biomesoplenty:jacaranda_fence":60,"minecraft:moss_carpet":2,"minecraft:item_frame":7,"minecraft:cyan_carpet":7,"minecraft:oak_boat":3,"immersive_melodies:trumpet":11,"minecraft:player_head":3,"minecraft:lectern":5,"minecraft:sugar_cane":163,"iceandfire:ice_dragon_heart":1,"minecraft:dark_oak_sapling":12,"minecraft:raw_iron":101,"iceandfire:dragonbone":75,"iceandfire:dragonscales_green":15,"iceandfire:troll_tusk":1,"aether:golden_parachute":1,"minecraft:stone_button":5,"minecraft:cookie":1,"minecraft:dark_oak_planks":98,"iceandfire:cyclops_eye":3,"minecraft:arrow":190,"minecraft:jungle_stairs":1,"alexscaves:spelunkery_table":3,"artifacts:running_shoes":1,"irons_spellbooks:wandering_magician_helmet":4,"iceandfire:troll_weapon_trunk":12,"minecraft:skeleton_skull":3,"minecraft:glow_ink_sac":3,"minecraft:leather":43,"minecraft:birch_planks":1,"biomesoplenty:jacaranda_door":3,"minecraft:chainmail_chestplate":1,"minecraft:yellow_glazed_terracotta":1,"iceandfire:ectoplasm":1,"biomesoplenty:jacaranda_planks":166,"minecraft:gunpowder":23,"minecraft:red_carpet":1,"iceandfire:dragon_stick":1,"minecraft:spruce_wood":1,"minecraft:iron_ingot":155,"minecraft:cooked_chicken":4,"irons_spellbooks:cinder_essence":2,"iceandfire:fire_dragon_flesh":4,"minecraft:book":95,"minecraft:oak_slab":51,"iceandfire:dragon_horn":1,"minecraft:stone_brick_slab":1,"minecraft:red_banner":2,"minecraft:blast_furnace":1,"minecraft:white_bed":2,"minecraft:gold_ore":1,"artifacts:scarf_of_invisibility":3,"minecraft:mossy_stone_brick_slab":1,"minecraft:spider_eye":8,"minecraft:pumpkin_seeds":3,"minecraft:chainmail_leggings":8,"minecraft:iron_helmet":6,"minecraft:coal":250}},"DataVersion":3465}