{"stats":{"minecraft:dropped":{"minecraft:iron_ingot":60,"minecraft:bread":7,"minecraft:brown_mushroom":1,"minecraft:wheat_seeds":179,"minecraft:golden_helmet":4,"minecraft:glow_ink_sac":2,"biomesoplenty:lavender":24,"alexscaves:spelunkery_table":1,"minecraft:lantern":2,"minecraft:red_mushroom":3,"minecraft:flint":4,"minecraft:dirt":9,"iceandfire:copper_nugget":42,"minecraft:mutton":3,"minecraft:gold_nugget":4,"minecraft:paper":19,"minecraft:string":7,"iceandfire:dragonbone":1,"minecraft:bone":22,"minecraft:redstone":2,"minecraft:gravel":1,"minecraft:stone_axe":1,"minecraft:raw_copper":5,"minecraft:wheat":1,"minecraft:obsidian":1,"minecraft:white_carpet":6,"minecraft:rotten_flesh":9,"minecraft:glowstone_dust":1,"minecraft:name_tag":1,"iceandfire:rotten_egg":1,"minecraft:beetroot_seeds":2,"minecraft:golden_leggings":3,"sophisticatedbackpacks:copper_backpack":3,"minecraft:arrow":6,"minecraft:beef":5,"biomesoplenty:tall_lavender":1,"iceandfire:manuscript":1},"minecraft:picked_up":{"irons_spellbooks:scroll":1,"iceandfire:dragon_skull_lightning":1,"minecraft:crafting_table":4,"minecraft:iron_chestplate":1,"minecraft:wheat":47,"minecraft:brown_mushroom":1,"minecraft:oak_stairs":1,"minecraft:shield":1,"minecraft:string":17,"minecraft:raw_copper":5,"minecraft:flint_and_steel":1,"minecraft:iron_leggings":1,"minecraft:armor_stand":7,"biomesoplenty:tall_lavender":6,"minecraft:white_carpet":6,"minecraft:oak_sign":1,"iceandfire:bestiary":2,"irons_spellbooks:arcane_essence":6,"alexsmobs:emu_feather":2,"minecraft:gold_nugget":54,"minecraft:spruce_planks":12,"minecraft:beef":15,"minecraft:poppy":1,"minecraft:sugar_cane":10,"minecraft:chest":1,"minecraft:furnace":6,"minecraft:golden_helmet":9,"iceandfire:pixie_dust":1,"minecraft:raw_iron":70,"minecraft:stick":3,"iceandfire:dragonbone":34,"iceandfire:troll_tusk":1,"minecraft:acacia_log":15,"minecraft:spruce_stairs":2,"sophisticatedbackpacks:backpack":1,"iceandfire:rotten_egg":1,"minecraft:carrot":18,"minecraft:redstone":2,"minecraft:arrow":9,"minecraft:rotten_flesh":9,"minecraft:beetroot_seeds":2,"minecraft:hay_block":26,"alexscaves:spelunkery_table":3,"alexsmobs:emu_egg":3,"minecraft:gold_ingot":8,"sophisticatedbackpacks:copper_backpack":3,"minecraft:white_wool":2,"minecraft:mutton":3,"iceandfire:troll_weapon_trunk":1,"minecraft:cobblestone":65,"minecraft:oxeye_daisy":1,"biomesoplenty:lavender":93,"minecraft:feather":1,"minecraft:glow_ink_sac":2,"minecraft:leather":10,"minecraft:golden_leggings":7,"minecraft:red_mushroom":3,"minecraft:potato":4,"alexsmobs:bear_fur":1,"minecraft:flint":4,"minecraft:oak_log":3,"minecraft:dirt":9,"minecraft:paper":19,"minecraft:lantern":2,"minecraft:name_tag":1,"minecraft:bone":27,"minecraft:wheat_seeds":316,"minecraft:iron_ingot":42,"minecraft:stone_pickaxe":1,"minecraft:glowstone_dust":1,"minecraft:oak_planks":5,"minecraft:iron_sword":2,"iceandfire:copper_nugget":126,"irons_spellbooks:fireward_ring":1,"iceandfire:podium_spruce":1,"minecraft:gravel":1,"sophisticatedbackpacks:iron_backpack":1,"minecraft:spruce_log":7,"alexsmobs:animal_dictionary":2,"minecraft:diamond":5,"minecraft:stone_axe":1,"minecraft:golden_apple":1,"minecraft:bread":90,"iceandfire:silver_nugget":30,"minecraft:coal":121,"minecraft:ender_pearl":1},"minecraft:crafted":{"minecraft:oak_planks":12,"minecraft:furnace":2,"minecraft:iron_boots":1,"minecraft:stone_pickaxe":1,"minecraft:chest":8,"minecraft:wheat":234,"minecraft:crafting_table":1,"minecraft:spruce_planks":28,"minecraft:iron_helmet":1,"minecraft:golden_pickaxe":1,"minecraft:stone_axe":1,"minecraft:bread":93,"minecraft:air":0,"minecraft:iron_chestplate":1,"minecraft:shield":1,"minecraft:stick":20,"minecraft:iron_ingot":50,"minecraft:iron_pickaxe":2,"minecraft:gold_ingot":7,"minecraft:iron_leggings":1,"minecraft:acacia_planks":60},"minecraft:mined":{"alexscaves:spelunkery_table":2,"minecraft:diamond_ore":1,"minecraft:spruce_planks":3,"minecraft:deepslate_diamond_ore":4,"iceandfire:copper_pile":6,"minecraft:spruce_leaves":1,"minecraft:oxeye_daisy":1,"minecraft:spawner":1,"minecraft:hay_block":26,"biomesoplenty:tall_lavender":7,"minecraft:furnace":4,"minecraft:carrots":10,"minecraft:iron_ore":50,"biomesoplenty:lavender":193,"minecraft:peony":1,"minecraft:potatoes":2,"iceandfire:gold_pile":9,"minecraft:oak_stairs":1,"iceandfire:podium_spruce":1,"minecraft:stone":50,"minecraft:oak_fence":2,"minecraft:crafting_table":3,"minecraft:chest":1,"minecraft:cobblestone":1,"minecraft:tall_grass":18,"minecraft:copper_ore":1,"minecraft:sugar_cane":3,"minecraft:spruce_stairs":2,"minecraft:wheat":50,"minecraft:white_carpet":6,"minecraft:spruce_log":7,"minecraft:grass":243,"minecraft:coal_ore":36,"minecraft:oak_log":4,"iceandfire:silver_pile":9,"minecraft:beetroots":1,"minecraft:cobweb":14},"minecraft:broken":{"minecraft:iron_helmet":1,"minecraft:golden_pickaxe":1},"minecraft:killed":{"minecraft:cave_spider":1,"irons_spellbooks:summoned_zombie":4,"minecraft:witch":1,"alexsmobs:raccoon":2,"minecraft:spider":7,"minecraft:skeleton":8,"irons_spellbooks:summoned_skeleton":1,"minecraft:pig":1,"alexsmobs:grizzly_bear":1,"minecraft:zombie_villager":1,"iceandfire:troll":1,"irons_spellbooks:necromancer":2,"alexsmobs:rhinoceros":1,"minecraft:creeper":1,"minecraft:sheep":2,"minecraft:zombie":21,"iceandfire:ghost":2,"alexsmobs:crow":1,"minecraft:cow":4,"minecraft:enderman":1},"minecraft:used":{"minecraft:armor_stand":7,"minecraft:chest":9,"minecraft:spruce_planks":6,"minecraft:shield":6,"minecraft:iron_sword":207,"minecraft:spruce_stairs":2,"minecraft:oak_stairs":1,"alexscaves:spelunkery_table":1,"minecraft:furnace":4,"minecraft:stone_pickaxe":105,"iceandfire:troll_weapon_trunk":25,"minecraft:ender_pearl":1,"iceandfire:podium_spruce":1,"minecraft:crafting_table":4,"minecraft:bread":78,"minecraft:iron_pickaxe":13,"minecraft:stone_axe":49,"minecraft:cobblestone":30,"minecraft:golden_pickaxe":32},"minecraft:custom":{"minecraft:interact_with_smithing_table":1,"minecraft:mob_kills":68,"minecraft:interact_with_crafting_table":18,"minecraft:open_barrel":1,"minecraft:damage_dealt_resisted":582,"minecraft:eat_cake_slice":6,"minecraft:time_since_death":97363,"minecraft:climb_one_cm":3350,"minecraft:sprint_one_cm":294962,"minecraft:walk_one_cm":231436,"minecraft:damage_blocked_by_shield":220,"minecraft:drop":74,"minecraft:damage_dealt_absorbed":200,"minecraft:talked_to_villager":2,"minecraft:play_time":131460,"minecraft:deaths":1,"minecraft:sneak_time":1638,"minecraft:walk_under_water_one_cm":8761,"minecraft:jump":2461,"minecraft:walk_on_water_one_cm":21052,"minecraft:total_world_time":131460,"minecraft:interact_with_furnace":27,"minecraft:interact_with_loom":2,"minecraft:sleep_in_bed":3,"minecraft:time_since_rest":8763,"minecraft:waystone_activated":1,"minecraft:damage_taken":3905,"minecraft:damage_absorbed":1,"minecraft:damage_dealt":15371,"minecraft:player_kills":1,"minecraft:swim_one_cm":20158,"minecraft:fly_one_cm":624428,"minecraft:open_chest":26,"minecraft:crouch_one_cm":2552,"minecraft:fall_one_cm":79527}},"DataVersion":3465}