{"stats":{"minecraft:crafted":{"minecraft:oak_sign":3,"waystones:waystone":1,"minecraft:bookshelf":42,"minecraft:glass":430,"minecraft:diamond_helmet":1,"minecraft:diamond_leggings":1,"sophisticatedbackpacks:copper_backpack":1,"biomesoplenty:jacaranda_stairs":12,"minecraft:emerald":141,"minecraft:golden_pickaxe":1,"minecraft:copper_ingot":163,"waystones:warp_stone":1,"minecraft:stone_slab":12,"minecraft:iron_pickaxe":2,"minecraft:iron_block":8,"minecraft:gold_ingot":112,"iceandfire:dragon_horn":1,"minecraft:rabbit_stew":6,"minecraft:stone_shovel":5,"irons_spellbooks:wandering_magician_leggings":2,"sophisticatedbackpacks:stack_upgrade_tier_1":1,"iceandfire:dragon_flute":1,"minecraft:spruce_slab":24,"minecraft:ender_pearl":4,"minecraft:stone_pickaxe":1,"minecraft:diamond_boots":1,"biomesoplenty:jacaranda_door":3,"minecraft:spruce_boat":2,"minecraft:dark_oak_planks":264,"minecraft:wheat":1134,"sophisticatedbackpacks:gold_backpack":1,"minecraft:glowstone":2,"minecraft:enchanted_book":11,"minecraft:iron_shovel":5,"minecraft:iron_leggings":5,"minecraft:white_bed":5,"irons_spellbooks:wandering_magician_helmet":2,"minecraft:oak_planks":236,"minecraft:hopper":2,"minecraft:stone_brick_slab":12,"minecraft:iron_boots":3,"minecraft:chest":76,"minecraft:copper_block":11,"minecraft:stone_hoe":2,"minecraft:stone_bricks":412,"minecraft:oak_slab":18,"biomesoplenty:jacaranda_planks":184,"minecraft:crafting_table":10,"minecraft:spruce_planks":1588,"minecraft:iron_helmet":5,"minecraft:baked_potato":64,"minecraft:gold_block":8,"sophisticatedbackpacks:upgrade_base":1,"biomesoplenty:jacaranda_slab":6,"biomesoplenty:jacaranda_fence":12,"minecraft:book":4,"minecraft:iron_chestplate":5,"minecraft:shield":2,"minecraft:stick":156,"sophisticatedbackpacks:diamond_backpack":1,"minecraft:iron_ingot":148,"iceandfire:dragon_stick":1,"minecraft:furnace":14,"sophisticatedbackpacks:stack_upgrade_starter_tier":1,"minecraft:iron_axe":3,"minecraft:iron_hoe":1,"comforts:sleeping_bag_cyan":2,"sophisticatedbackpacks:stack_upgrade_tier_2":1,"sophisticatedbackpacks:iron_backpack":1,"minecraft:diamond_sword":1,"elevatorid:elevator_white":4,"minecraft:spruce_sign":45,"minecraft:bucket":4,"minecraft:stone_axe":3,"iceandfire:dragonbone_pickaxe":1,"minecraft:bread":521,"minecraft:air":0,"minecraft:oak_boat":3,"irons_spellbooks:wandering_magician_chestplate":2,"minecraft:acacia_planks":60,"minecraft:lapis_lazuli":9,"minecraft:lapis_block":42,"minecraft:diamond_chestplate":1},"minecraft:killed_by":{"irons_spellbooks:priest":1,"minecraft:vindicator":1,"minecraft:zombie":3,"minecraft:warden":1,"aether:valkyrie_queen":2,"iceandfire:cyclops":1,"minecraft:creeper":1,"aether:valkyrie":3,"alexsmobs:elephant":1,"iceandfire:fire_dragon":3,"minecraft:player":1,"aether:slider":1,"minecraft:iron_golem":2,"iceandfire:gorgon":1,"minecraft:skeleton":1,"mowziesmobs:umvuthana_raptor":1},"minecraft:killed":{"minecraft:cave_spider":16,"minecraft:skeleton":676,"alexscaves:underzealot":5,"minecraft:chicken":7,"alexsmobs:centipede_head":1,"minecraft:cat":3,"minecraft:iron_golem":13,"iceandfire:cockatrice":1,"minecraft:pillager":2,"minecraft:zombie":1863,"iceandfire:sea_serpent":2,"minecraft:cow":10,"twilightforest:deer":2,"aether:mimic":6,"alexsmobs:raccoon":5,"aether:golden_swet":5,"alexscaves:vesper":1,"iceandfire:dread_knight":1,"iceandfire:siren":3,"minecraft:husk":3,"iceandfire:cyclops":2,"irons_spellbooks:citadel_keeper":1,"alexsmobs:rhinoceros":1,"iceandfire:ghost":8,"iceandfire:ice_dragon":1,"minecraft:enderman":4,"minecraft:zombified_piglin":1,"minecraft:witch":4,"aether:sentry":1,"minecraft:spider":33,"minecraft:silverfish":6,"irons_spellbooks:summoned_skeleton":6,"minecraft:piglin_brute":10,"artifacts:mimic":3,"minecraft:piglin":12,"minecraft:pig":2,"alexsmobs:grizzly_bear":4,"minecraft:zombie_villager":5,"aether:aerwhale":2,"irons_spellbooks:necromancer":10,"twilightforest:skeleton_druid":2,"minecraft:creeper":6,"aether:phyg":1,"alexsmobs:crimson_mosquito":4,"minecraft:sheep":9,"alexsmobs:terrapin":3,"alexsmobs:fly":2,"alexsmobs:dropbear":1,"irons_spellbooks:summoned_zombie":14,"alexsmobs:tasmanian_devil":1,"twilightforest:naga":1,"iceandfire:fire_dragon":1,"aether:valkyrie_queen":1,"twilightforest:swarm_spider":1,"twilightforest:hedge_spider":1,"minecraft:drowned":2,"aether:valkyrie":8,"alexsmobs:bison":2,"aether:slider":1,"iceandfire:troll":4,"mowziesmobs:umvuthana_follower_raptor":1,"minecraft:hoglin":2,"alexsmobs:emu":1,"alexsmobs:cockroach":2,"alexsmobs:crow":1,"minecraft:wither_skeleton":8,"minecraft:villager":119},"minecraft:picked_up":{"aether:carved_stone":9,"minecraft:iron_chestplate":7,"minecraft:flower_pot":8,"minecraft:lead":3,"minecraft:stone_slab":13,"minecraft:diamond_sword":4,"minecraft:enchanted_book":2,"minecraft:oak_stairs":3,"minecraft:wither_rose":3,"aether:ambrosium_torch":2,"minecraft:polished_blackstone_brick_stairs":1,"minecraft:string":132,"iceandfire:dragonbone_pickaxe":6,"biomesoplenty:large_rose_quartz_bud":1,"biomesoplenty:tall_lavender":22,"alexsmobs:emu_feather":2,"minecraft:gold_nugget":129,"minecraft:cobbled_deepslate":460,"aether:holystone_pickaxe":2,"minecraft:spruce_planks":968,"minecraft:melon_slice":11,"minecraft:coal_block":6,"minecraft:golden_helmet":11,"minecraft:acacia_log":18,"iceandfire:silver_ore":4,"twilightforest:cracked_etched_nagastone":2,"aether:chainmail_gloves":4,"iceandfire:fire_dragon_heart":1,"minecraft:iron_block":2,"minecraft:glowstone":19,"minecraft:bookshelf":31,"minecraft:iron_bars":1,"biomesoplenty:lavender":400,"minecraft:mossy_cobblestone_slab":2,"minecraft:feather":13,"minecraft:cooked_beef":15,"minecraft:water_bucket":1,"artifacts:thorn_pendant":1,"minecraft:smoker":1,"alexsmobs:bison_fur":2,"minecraft:flint":16,"irons_spellbooks:concentration_amulet":1,"minecraft:lantern":12,"alexscaves:guano":2,"minecraft:diamond_helmet":1,"aether:book_of_lore":3,"minecraft:glowstone_dust":33,"minecraft:moss_block":8,"aether:angelic_stone":4,"iceandfire:dragon_skull_fire":1,"iceandfire:shiny_scales":23,"sophisticatedbackpacks:iron_backpack":14,"minecraft:acacia_stairs":1,"minecraft:dark_oak_log":164,"alexsmobs:animal_dictionary":2,"minecraft:barrel":5,"aether:silver_dungeon_key":1,"minecraft:iron_hoe":1,"minecraft:polished_andesite":1,"immersive_melodies:piano":2,"minecraft:deepslate":233,"minecraft:deepslate_gold_ore":1,"aether:swet_ball":3,"minecraft:bread":846,"iceandfire:troll_leather_forest":6,"alexsmobs:maggot":7,"aether:blue_aercloud":3,"iceandfire:raw_silver":16,"iceandfire:dragon_skull_lightning":1,"minecraft:crafting_table":6,"iceandfire:witherbone":8,"minecraft:clay_ball":8,"minecraft:leather_leggings":10,"aether:aether_dirt":5,"biomesoplenty:jacaranda_sapling":13,"aether:poison_dart":4,"iceandfire:sea_serpent_scales_blue":4,"minecraft:cornflower":3,"minecraft:flint_and_steel":2,"minecraft:netherite_scrap":2,"minecraft:white_stained_glass":50,"minecraft:white_carpet":8,"minecraft:iron_shovel":2,"iceandfire:graveyard_soil":3,"iceandfire:bestiary":3,"minecraft:beef":22,"iceandfire:dread_shard":2,"minecraft:cyan_wool":10,"minecraft:iron_nugget":82,"minecraft:poppy":12,"minecraft:spruce_slab":1,"irons_spellbooks:emerald_stoneplate_ring":7,"minecraft:chest":6,"minecraft:copper_ore":8,"minecraft:black_stained_glass":28,"minecraft:sandstone":7,"minecraft:stone":4000,"sophisticatedbackpacks:backpack":11,"minecraft:amethyst_cluster":2,"minecraft:spruce_fence":23,"minecraft:cake":1,"minecraft:carrot":84,"minecraft:redstone":2,"irons_spellbooks:evocation_rune":1,"iceandfire:dragon_skull_ice":3,"minecraft:stone_shovel":13,"biomesoplenty:jacaranda_log":46,"biomesoplenty:jacaranda_stairs":47,"minecraft:beetroot_seeds":2,"minecraft:peony":5,"minecraft:diamond_boots":10,"minecraft:hay_block":126,"minecraft:gold_ingot":11,"sophisticatedbackpacks:copper_backpack":10,"minecraft:mutton":21,"minecraft:white_wool":13,"minecraft:oxeye_daisy":1,"minecraft:lapis_ore":3,"iceandfire:sea_serpent_fang":11,"minecraft:tripwire_hook":2,"minecraft:red_mushroom":7,"irons_spellbooks:silver_ring":1,"minecraft:oak_log":66,"minecraft:ancient_debris":1,"alexsmobs:mosquito_proboscis":2,"minecraft:paper":20,"minecraft:spawner":1,"minecraft:apple":2,"minecraft:stone_bricks":60,"minecraft:stone_pickaxe":2,"minecraft:iron_ore":6,"minecraft:cobweb":2,"minecraft:iron_sword":7,"minecraft:dark_oak_stairs":2,"elevatorid:elevator_white":3,"twilightforest:nagastone_pillar":2,"iceandfire:copper_nugget":126,"minecraft:dark_oak_slab":3,"aether:enchanted_dart":8,"minecraft:gravel":119,"minecraft:birch_stairs":2,"minecraft:spruce_sapling":69,"twilightforest:cracked_nagastone_pillar":1,"minecraft:spruce_log":613,"minecraft:leather_helmet":6,"iceandfire:dragon_flute":1,"minecraft:firework_rocket":1,"minecraft:coal_ore":27,"minecraft:purple_glazed_terracotta":3,"minecraft:stone_axe":8,"iceandfire:ice_dragon_flesh":12,"minecraft:baked_potato":12,"twilightforest:spiral_bricks":4,"minecraft:hopper":2,"minecraft:ender_pearl":3,"irons_spellbooks:scroll":8,"minecraft:wheat":206,"iceandfire:troll_weapon_hammer":1,"irons_spellbooks:wandering_magician_leggings":3,"aether:iron_gloves":2,"minecraft:raw_copper":221,"minecraft:deepslate_lapis_ore":2,"minecraft:smooth_stone_slab":7,"minecraft:iron_leggings":8,"minecraft:armor_stand":40,"minecraft:experience_bottle":3,"minecraft:oak_sign":3,"iceandfire:sea_serpent_scales_bronze":14,"minecraft:sea_pickle":1,"irons_spellbooks:arcane_essence":35,"alexsmobs:blood_sac":2,"minecraft:bucket":12,"minecraft:calcite":11,"minecraft:iron_pickaxe":15,"irons_spellbooks:inscription_table":1,"minecraft:deepslate_iron_ore":3,"minecraft:iron_boots":14,"minecraft:furnace":8,"iceandfire:pixie_dust":1,"minecraft:stick":134,"twilightforest:cooked_venison":4,"minecraft:oak_fence":2,"minecraft:torch":126,"iceandfire:dragonscales_white":74,"minecraft:spruce_stairs":12,"minecraft:porkchop":16,"iceandfire:rotten_egg":1,"minecraft:dirt_path":2,"aether:white_moa_egg":3,"minecraft:rotten_flesh":497,"aether:golden_pendant":2,"alexsmobs:emu_egg":3,"minecraft:obsidian":35,"minecraft:cod":15,"minecraft:cobblestone":1142,"minecraft:leather_chestplate":3,"minecraft:lilac":1,"minecraft:golden_leggings":8,"minecraft:potato":527,"alexsmobs:bear_fur":1,"alexscaves:cave_book":3,"minecraft:tuff":7,"minecraft:wither_skeleton_skull":1,"minecraft:lapis_lazuli":631,"minecraft:dirt":967,"minecraft:name_tag":1,"minecraft:leather_boots":6,"minecraft:glass":3,"minecraft:bone":252,"minecraft:acacia_planks":5,"minecraft:bow":6,"minecraft:wheat_seeds":1053,"minecraft:raw_gold":153,"aether:cold_aercloud":4,"minecraft:mossy_stone_bricks":5,"minecraft:oak_planks":435,"minecraft:stone_hoe":3,"minecraft:black_terracotta":2,"irons_spellbooks:fireward_ring":11,"minecraft:cooked_porkchop":1,"minecraft:music_disc_13":5,"iceandfire:podium_spruce":1,"minecraft:poisonous_potato":2,"minecraft:sand":834,"comforts:sleeping_bag_cyan":8,"minecraft:dead_bush":2,"minecraft:grass_block":1,"minecraft:lily_of_the_valley":4,"minecraft:dark_prismarine":5,"aether:healing_stone":1,"aether:bronze_dungeon_key":1,"minecraft:spruce_fence_gate":3,"minecraft:diamond":108,"waystones:waystone":2,"iceandfire:dragon_ice":3,"minecraft:crossbow":1,"minecraft:bone_meal":1,"minecraft:golden_apple":1,"aether:golden_amber":1,"minecraft:emerald":25,"minecraft:oak_sapling":3,"irons_spellbooks:uncommon_ink":2,"minecraft:netherrack":35,"iceandfire:silver_nugget":184,"twilightforest:torchberries":3,"minecraft:charcoal":42,"minecraft:allium":2,"minecraft:azure_bluet":1,"minecraft:rabbit_stew":5,"minecraft:brown_mushroom":6,"minecraft:gold_block":13,"minecraft:chain":3,"minecraft:shield":13,"minecraft:oak_trapdoor":5,"biomesoplenty:jacaranda_fence":60,"minecraft:moss_carpet":2,"minecraft:iron_axe":6,"minecraft:item_frame":7,"minecraft:cyan_carpet":7,"minecraft:oak_boat":3,"immersive_melodies:trumpet":11,"minecraft:player_head":3,"minecraft:lectern":47,"minecraft:sugar_cane":384,"iceandfire:ice_dragon_heart":1,"minecraft:dark_oak_sapling":20,"minecraft:raw_iron":200,"iceandfire:dragonbone":75,"iceandfire:dragonscales_green":15,"iceandfire:troll_tusk":1,"aether:golden_parachute":1,"minecraft:polished_blackstone_bricks":3,"minecraft:stone_button":7,"minecraft:cookie":1,"minecraft:dark_oak_planks":98,"minecraft:arrow":289,"iceandfire:cyclops_eye":4,"minecraft:jungle_stairs":1,"twilightforest:etched_nagastone":3,"alexscaves:spelunkery_table":3,"artifacts:running_shoes":1,"irons_spellbooks:wandering_magician_helmet":4,"iceandfire:troll_weapon_trunk":12,"minecraft:skeleton_skull":3,"artifacts:digging_claws":3,"minecraft:glow_ink_sac":3,"minecraft:leather":60,"minecraft:birch_planks":1,"biomesoplenty:jacaranda_door":5,"minecraft:chainmail_chestplate":1,"minecraft:yellow_glazed_terracotta":1,"iceandfire:ectoplasm":1,"biomesoplenty:jacaranda_planks":166,"minecraft:gunpowder":23,"minecraft:cooked_mutton":6,"minecraft:red_carpet":1,"iceandfire:dragon_stick":1,"minecraft:spruce_wood":1,"minecraft:iron_ingot":193,"minecraft:cooked_chicken":11,"aether:victory_medal":10,"irons_spellbooks:cinder_essence":2,"iceandfire:fire_dragon_flesh":4,"minecraft:book":115,"minecraft:oak_slab":51,"iceandfire:dragon_horn":1,"minecraft:stone_brick_slab":5,"minecraft:dandelion":1,"minecraft:amethyst_shard":36,"minecraft:red_banner":2,"minecraft:blast_furnace":1,"minecraft:white_bed":2,"minecraft:gold_ore":2,"artifacts:scarf_of_invisibility":3,"minecraft:mossy_stone_brick_slab":2,"minecraft:spider_eye":36,"alexsmobs:raw_catfish":2,"minecraft:pumpkin_seeds":3,"minecraft:chainmail_leggings":8,"minecraft:iron_helmet":7,"minecraft:black_wool":1,"minecraft:coal":349,"minecraft:sunflower":2},"minecraft:mined":{"minecraft:white_bed":2,"minecraft:black_terracotta":2,"iceandfire:copper_pile":6,"irons_spellbooks:armor_pile":1,"minecraft:obsidian":31,"minecraft:coal_block":3,"minecraft:oxeye_daisy":1,"minecraft:hopper":2,"minecraft:oak_wall_sign":1,"minecraft:spawner":33,"minecraft:polished_blackstone_bricks":3,"biomesoplenty:tall_lavender":22,"minecraft:fire":21,"minecraft:barrel":3,"biomesoplenty:lavender":373,"minecraft:deepslate_lapis_ore":40,"iceandfire:gold_pile":9,"minecraft:dirt_path":7,"minecraft:oak_stairs":2,"biomesoplenty:webbing":11,"minecraft:pink_tulip":1,"minecraft:iron_block":1,"biomesoplenty:jacaranda_leaves":2,"biomesoplenty:jacaranda_planks":151,"minecraft:smoker":1,"minecraft:amethyst_cluster":16,"minecraft:torch":29,"twilightforest:spiral_bricks":2,"minecraft:blast_furnace":1,"minecraft:white_stained_glass_pane":1,"minecraft:glass":7,"minecraft:sugar_cane":170,"minecraft:amethyst_block":1,"minecraft:chain":2,"minecraft:cyan_wool":6,"minecraft:wheat":213,"biomesoplenty:large_rose_quartz_bud":2,"minecraft:wither_rose":1,"minecraft:grass":488,"minecraft:loom":1,"minecraft:smooth_quartz":2,"minecraft:smooth_basalt":3,"aether:blue_aercloud":2,"minecraft:deepslate":529,"minecraft:dark_prismarine":5,"iceandfire:silver_ore":6,"minecraft:mossy_cobblestone":1,"minecraft:dark_oak_log":128,"minecraft:spruce_fence":19,"biomesoplenty:jacaranda_log":46,"minecraft:potatoes":155,"minecraft:vine":1,"biomesoplenty:jacaranda_door":2,"biomesoplenty:barley":17,"irons_spellbooks:inscription_table":1,"iceandfire:podium_spruce":1,"minecraft:oak_slab":3,"minecraft:potted_lily_of_the_valley":4,"minecraft:stone_brick_slab":5,"minecraft:dandelion":1,"minecraft:cornflower":1,"aether:golden_oak_log":16,"minecraft:campfire":12,"minecraft:tall_grass":50,"minecraft:copper_ore":35,"minecraft:deepslate_gold_ore":71,"minecraft:black_stained_glass":39,"minecraft:white_carpet":8,"minecraft:spruce_log":292,"minecraft:red_wall_banner":2,"iceandfire:silver_pile":11,"minecraft:sunflower":2,"minecraft:gravel":115,"minecraft:cobweb":43,"minecraft:spruce_fence_gate":3,"minecraft:stone_bricks":63,"minecraft:gold_ore":4,"minecraft:fern":1,"minecraft:spruce_planks":25,"aether:cold_aercloud":4,"minecraft:farmland":3,"minecraft:mossy_stone_brick_slab":1,"minecraft:spruce_trapdoor":2,"minecraft:budding_amethyst":4,"minecraft:grass_block":282,"iceandfire:lectern":1,"biomesoplenty:jacaranda_stairs":31,"minecraft:glowstone":21,"minecraft:iron_ore":93,"minecraft:azure_bluet":1,"minecraft:dark_oak_stairs":1,"minecraft:spruce_slab":1,"biomesoplenty:hanging_cobweb_strand":1,"aether:icestone":2,"minecraft:calcite":18,"minecraft:chest":3,"minecraft:cobblestone":74,"minecraft:oak_planks":14,"minecraft:wall_torch":25,"minecraft:seagrass":6,"minecraft:dark_oak_slab":2,"minecraft:nether_wart_block":2,"aether:aether_grass_block":1,"minecraft:tnt":1,"minecraft:smooth_stone_slab":1,"biomesoplenty:clover":6,"minecraft:oak_log":63,"minecraft:beetroots":1,"minecraft:sand":852,"minecraft:dirt":472,"minecraft:netherrack":46,"minecraft:ancient_debris":1,"minecraft:oak_leaves":3,"minecraft:nether_gold_ore":11,"alexscaves:spelunkery_table":2,"minecraft:diamond_ore":1,"minecraft:red_carpet":1,"minecraft:tuff":11,"minecraft:deepslate_diamond_ore":46,"biomesoplenty:jacaranda_fence":12,"biomesoplenty:bush":13,"minecraft:white_stained_glass":52,"minecraft:spruce_leaves":2,"iceandfire:dragon_ice":1,"biomesoplenty:jacaranda_sapling":1,"minecraft:hay_block":126,"minecraft:oak_trapdoor":8,"minecraft:furnace":6,"minecraft:carrots":10,"minecraft:stripped_spruce_log":6,"minecraft:peony":5,"minecraft:gold_block":15,"minecraft:bookshelf":31,"minecraft:deepslate_iron_ore":29,"biomesoplenty:spider_egg":3,"minecraft:stone":5002,"minecraft:podzol":2,"minecraft:oak_fence":4,"minecraft:crafting_table":4,"minecraft:sculk_sensor":6,"minecraft:lectern":47,"minecraft:stone_slab":13,"minecraft:lapis_ore":16,"minecraft:polished_blackstone_brick_stairs":1,"minecraft:sculk":3,"minecraft:spruce_stairs":9,"minecraft:ice":12,"elevatorid:elevator_white":3,"minecraft:coal_ore":209,"minecraft:cyan_carpet":5,"minecraft:mossy_stone_bricks":2},"minecraft:used":{"aether:bronze_dungeon_key":1,"minecraft:spruce_slab":23,"minecraft:poppy":13,"minecraft:chest":93,"minecraft:stone":2246,"minecraft:farmland":134,"minecraft:skeleton_spawn_egg":3,"minecraft:spruce_boat":2,"minecraft:lava_bucket":20,"minecraft:villager_spawn_egg":138,"minecraft:grass_block":2,"minecraft:rabbit_stew":3,"biomesoplenty:jacaranda_sapling":7,"twilightforest:mangrove_trapdoor":68,"minecraft:bow":26,"minecraft:furnace":18,"minecraft:potato":339,"iceandfire:troll_weapon_trunk":283,"minecraft:oak_leaves":6,"minecraft:cookie":1,"elevatorid:elevator_white":26,"minecraft:blast_furnace":1,"biomesoplenty:jacaranda_planks":274,"comforts:sleeping_bag_cyan":2,"minecraft:deepslate_iron_ore":3,"minecraft:lectern":163,"minecraft:cherry_sign":2,"minecraft:diamond_sword":5368,"minecraft:white_stained_glass":9,"minecraft:oak_boat":2,"minecraft:oak_trapdoor":12,"minecraft:armor_stand":13,"minecraft:wither_skeleton_spawn_egg":2,"minecraft:netherrack":25,"minecraft:torch":185,"minecraft:anvil":1,"minecraft:ancient_debris":2,"biomesoplenty:jacaranda_slab":12,"minecraft:iron_axe":786,"minecraft:spawner":15,"minecraft:glowstone":79,"minecraft:goat_horn":2,"minecraft:podzol":69,"minecraft:cobbled_deepslate":12,"minecraft:calcite":3,"minecraft:wheat_seeds":222,"minecraft:water_bucket":66,"minecraft:dirt_path":101,"minecraft:sheep_spawn_egg":16,"minecraft:leather_boots":2,"minecraft:gold_ore":2,"minecraft:crafting_table":15,"minecraft:oak_slab":7,"minecraft:white_bed":23,"minecraft:cake":1,"minecraft:spruce_log":4,"minecraft:oak_log":1,"minecraft:iron_pickaxe":4770,"aether:golden_gummy_swet":1,"minecraft:cobblestone":287,"minecraft:cooked_porkchop":1,"irons_spellbooks:arcane_anvil":1,"minecraft:iron_shovel":1233,"minecraft:oak_sign":2,"minecraft:shield":26,"minecraft:iron_sword":246,"minecraft:zombie_spawn_egg":4,"minecraft:mossy_stone_brick_slab":1,"minecraft:iron_chestplate":2,"minecraft:carrot":2,"minecraft:obsidian":14,"sophisticatedbackpacks:diamond_backpack":1,"minecraft:glass":347,"minecraft:coal_ore":9,"minecraft:lantern":6,"minecraft:iron_helmet":1,"aether:skyroot_water_bucket":15,"minecraft:stone_bricks":455,"minecraft:item_frame":2,"minecraft:bedrock":11,"minecraft:red_carpet":1,"biomesoplenty:jacaranda_fence":12,"minecraft:stone_pickaxe":131,"minecraft:oak_planks":124,"minecraft:ender_pearl":1,"minecraft:sugar_cane":69,"iceandfire:podium_spruce":1,"alexscaves:cave_book":3,"minecraft:deepslate_lapis_ore":2,"aether:blue_aercloud":2,"waystones:waystone":4,"minecraft:firework_rocket":64,"aether:valkyrie_axe":22,"minecraft:bread":414,"minecraft:deepslate":99,"minecraft:gravel":28,"minecraft:grindstone":3,"minecraft:chain":1,"minecraft:golden_pickaxe":32,"minecraft:experience_bottle":2,"aether:blue_gummy_swet":21,"minecraft:oak_fence":1,"minecraft:flint_and_steel":31,"minecraft:stone_shovel":258,"aether:cold_aercloud":3,"aether:aether_dirt":5,"minecraft:spruce_planks":480,"aether:healing_stone":1,"minecraft:deepslate_gold_ore":1,"minecraft:stone_hoe":147,"minecraft:cooked_chicken":8,"minecraft:dirt":577,"minecraft:white_carpet":63,"minecraft:hopper":25,"minecraft:spruce_stairs":2,"minecraft:spruce_fence":2,"minecraft:dark_oak_planks":41,"minecraft:iron_hoe":194,"minecraft:stone_brick_slab":17,"minecraft:bookshelf":34,"minecraft:oak_stairs":2,"minecraft:iron_boots":3,"biomesoplenty:jacaranda_stairs":35,"alexscaves:spelunkery_table":1,"minecraft:black_stained_glass":5,"minecraft:white_stained_glass_pane":14,"minecraft:cooked_beef":15,"iceandfire:dragonbone_pickaxe":1805,"minecraft:iron_leggings":2,"aether:silver_dungeon_key":1,"minecraft:cooked_mutton":135,"biomesoplenty:jacaranda_door":6,"minecraft:baked_potato":65,"minecraft:spruce_sign":9,"minecraft:smoker":1,"minecraft:flower_pot":2,"minecraft:lapis_ore":2,"minecraft:stone_slab":136,"aether:zanite_axe":65,"minecraft:stone_axe":206,"aether:golden_parachute":9,"minecraft:red_banner":2,"minecraft:bucket":52,"irons_spellbooks:inscription_table":2},"minecraft:dropped":{"sophisticatedbackpacks:iron_backpack":6,"minecraft:iron_sword":5,"iceandfire:raw_silver":16,"minecraft:porkchop":9,"irons_spellbooks:rare_ink":1,"minecraft:lapis_lazuli":57,"minecraft:glow_ink_sac":3,"minecraft:diamond":1,"irons_spellbooks:fireward_ring":2,"aether:swet_ball":1,"comforts:sleeping_bag_cyan":3,"iceandfire:ectoplasm":1,"minecraft:leather_helmet":2,"minecraft:red_mushroom":7,"minecraft:dirt":102,"irons_spellbooks:silver_ring":1,"minecraft:stone_button":1,"immersive_melodies:piano":2,"minecraft:chain":1,"minecraft:gold_nugget":4,"minecraft:bone_meal":1,"minecraft:sand":17,"minecraft:iron_pickaxe":5,"minecraft:dark_oak_planks":15,"minecraft:white_wool":6,"minecraft:cyan_carpet":5,"iceandfire:dragonbone_pickaxe":1,"minecraft:bone":63,"minecraft:stone_axe":1,"minecraft:iron_nugget":18,"minecraft:cooked_chicken":3,"minecraft:cobbled_deepslate":233,"minecraft:wheat":4,"minecraft:obsidian":1,"minecraft:grindstone":1,"minecraft:rotten_flesh":142,"minecraft:oak_planks":45,"minecraft:glowstone_dust":17,"minecraft:coal_ore":8,"minecraft:charcoal":19,"minecraft:leather_boots":6,"minecraft:leather_leggings":2,"minecraft:spruce_slab":1,"minecraft:glass":1,"minecraft:beef":6,"biomesoplenty:jacaranda_stairs":8,"biomesoplenty:tall_lavender":7,"iceandfire:manuscript":1,"alexsmobs:mosquito_proboscis":1,"minecraft:enchanted_book":2,"minecraft:iron_ingot":61,"minecraft:wheat_seeds":424,"aether:angelic_stone":3,"biomesoplenty:lavender":125,"minecraft:book":18,"minecraft:iron_helmet":2,"minecraft:feather":5,"minecraft:cobblestone":315,"minecraft:apple":1,"biomesoplenty:jacaranda_planks":11,"alexsmobs:raw_catfish":2,"aether:golden_amber":1,"aether:holystone_pickaxe":2,"iceandfire:copper_nugget":42,"minecraft:diamond_helmet":1,"minecraft:dead_bush":2,"biomesoplenty:jacaranda_door":2,"minecraft:chainmail_leggings":6,"minecraft:iron_shovel":1,"minecraft:paper":19,"irons_spellbooks:wandering_magician_chestplate":1,"minecraft:string":98,"minecraft:acacia_planks":3,"minecraft:spruce_sapling":30,"artifacts:digging_claws":3,"iceandfire:silver_nugget":10,"alexscaves:guano":1,"minecraft:moss_carpet":1,"minecraft:player_head":2,"iceandfire:troll_weapon_trunk":3,"minecraft:deepslate":59,"minecraft:stone_shovel":3,"minecraft:white_carpet":6,"minecraft:clay_ball":4,"minecraft:iron_boots":9,"sophisticatedbackpacks:backpack":3,"minecraft:stone_slab":4,"minecraft:name_tag":1,"minecraft:oak_sign":1,"minecraft:spruce_fence":3,"minecraft:pumpkin_seeds":3,"minecraft:lily_of_the_valley":2,"iceandfire:dragon_ice":2,"minecraft:diamond_sword":4,"minecraft:potato":66,"minecraft:cyan_wool":2,"minecraft:stone":7,"minecraft:flower_pot":2,"minecraft:allium":2,"minecraft:peony":3,"minecraft:spruce_planks":75,"minecraft:spider_eye":14,"minecraft:barrel":3,"minecraft:stone_bricks":1,"minecraft:rabbit_stew":1,"minecraft:bow":4,"sophisticatedbackpacks:copper_backpack":11,"minecraft:moss_block":4,"minecraft:brown_mushroom":5,"irons_spellbooks:concentration_amulet":2,"minecraft:baked_potato":7,"minecraft:purple_glazed_terracotta":1,"minecraft:dark_oak_sapling":18,"minecraft:lantern":3,"minecraft:leather":34,"alexsmobs:bison_fur":2,"minecraft:flint":4,"iceandfire:graveyard_soil":3,"minecraft:cod":17,"minecraft:music_disc_13":1,"minecraft:netherite_scrap":1,"aether:iron_pendant":1,"minecraft:cornflower":3,"minecraft:mutton":15,"minecraft:amethyst_shard":2,"minecraft:armor_stand":9,"minecraft:gravel":3,"biomesoplenty:large_rose_quartz_bud":1,"twilightforest:cooked_venison":2,"biomesoplenty:jacaranda_slab":2,"minecraft:cooked_mutton":3,"minecraft:acacia_stairs":1,"twilightforest:torchberries":3,"minecraft:carrot":17,"minecraft:chainmail_chestplate":1,"minecraft:poppy":4,"irons_spellbooks:wandering_magician_helmet":3,"minecraft:gunpowder":15,"minecraft:skeleton_skull":2,"minecraft:beetroot_seeds":2,"minecraft:melon_seeds":4,"minecraft:arrow":135,"aether:healing_stone":1,"artifacts:scarf_of_invisibility":1,"minecraft:spawner":1,"minecraft:water_bucket":1,"minecraft:stone_hoe":1,"minecraft:bread":473,"biomesoplenty:jacaranda_sapling":4,"minecraft:golden_helmet":7,"minecraft:bookshelf":7,"minecraft:poisonous_potato":1,"aether:golden_pendant":4,"minecraft:lead":3,"alexscaves:spelunkery_table":1,"minecraft:spruce_stairs":3,"minecraft:stick":143,"aether:poison_dart":4,"minecraft:cherry_sign":1,"aether:enchanted_dart":4,"minecraft:mossy_cobblestone_slab":2,"minecraft:torch":62,"minecraft:iron_leggings":4,"minecraft:iron_axe":2,"minecraft:bucket":2,"iceandfire:dragonbone":1,"minecraft:redstone":5,"minecraft:raw_copper":13,"minecraft:iron_hoe":1,"minecraft:dirt_path":3,"minecraft:copper_ore":8,"minecraft:shield":3,"iceandfire:rotten_egg":1,"aether:chainmail_gloves":4,"irons_spellbooks:wandering_magician_leggings":4,"minecraft:iron_chestplate":3,"minecraft:mossy_stone_bricks":2,"minecraft:golden_leggings":4,"aether:carved_stone":9,"minecraft:oak_sapling":1,"minecraft:diamond_boots":3,"minecraft:stone_pickaxe":1},"minecraft:broken":{"minecraft:diamond_helmet":1,"minecraft:iron_boots":2,"minecraft:iron_chestplate":1,"minecraft:iron_sword":1,"aether:golden_parachute":1,"aether:zanite_ring":1,"minecraft:diamond_leggings":1,"aether:iron_gloves":1,"minecraft:iron_axe":1,"minecraft:iron_helmet":3,"minecraft:iron_shovel":4,"minecraft:stone_pickaxe":1,"minecraft:diamond_boots":1,"minecraft:stone_axe":1,"minecraft:stone_shovel":1,"minecraft:diamond_chestplate":1,"minecraft:golden_pickaxe":1},"minecraft:custom":{"minecraft:interact_with_crafting_table":157,"minecraft:open_barrel":116,"minecraft:bell_ring":66,"minecraft:eat_cake_slice":11,"minecraft:leave_game":20,"minecraft:time_since_death":51879,"minecraft:damage_blocked_by_shield":820,"minecraft:play_time":1882738,"minecraft:deaths":36,"minecraft:jump":28287,"minecraft:enchant_item":38,"minecraft:interact_with_furnace":81,"minecraft:traded_with_villager":190,"minecraft:sleep_in_bed":26,"minecraft:waystone_activated":10,"minecraft:damage_dealt":462296,"minecraft:interact_with_smoker":22,"minecraft:interact_with_smithing_table":3,"minecraft:interact_with_anvil":42,"minecraft:inspect_hopper":75,"minecraft:damage_dealt_absorbed":1050,"minecraft:sneak_time":33804,"minecraft:interact_with_lectern":3,"minecraft:interact_with_blast_furnace":46,"minecraft:total_world_time":1882738,"minecraft:time_since_rest":34066,"minecraft:swim_one_cm":374610,"minecraft:fly_one_cm":6914873,"minecraft:open_chest":801,"minecraft:fall_one_cm":982304,"minecraft:animals_bred":46,"minecraft:sprint_one_cm":4529695,"minecraft:drop":639,"minecraft:talked_to_villager":469,"minecraft:interact_with_brewingstand":2,"minecraft:walk_on_water_one_cm":345754,"minecraft:interact_with_loom":10,"minecraft:player_kills":6,"minecraft:crouch_one_cm":81540,"minecraft:mob_kills":3215,"minecraft:damage_dealt_resisted":5127,"minecraft:climb_one_cm":16856,"minecraft:walk_one_cm":3995605,"minecraft:walk_under_water_one_cm":268742,"minecraft:boat_one_cm":234627,"minecraft:pot_flower":2,"minecraft:interact_with_grindstone":36,"minecraft:damage_taken":2147483647,"minecraft:damage_absorbed":1,"minecraft:trigger_trapped_chest":2,"minecraft:aviate_one_cm":1088962}},"DataVersion":3465}